id,name,album,album_id,artists,artist_ids,track_number,disc_number,explicit,danceability,energy,key,loudness,mode,speechiness,acousticness,instrumentalness,liveness,valence,tempo,duration_ms,time_signature,year,release_date,tags
2nlxKdyPUBNpHp135r4Dho,Skies You Climb,Your Everything,0Gc6HYn3VyoEbvOykFRKVe,['Highspire'],['3inkPWsZsQ7HZGtMvl0qBP'],2,1,False,0.379,0.667,1,-4.175,0,0.0323,6.49e-05,0.59,0.228,0.103,100.026,388400,4.0,2005,2005-07-12,"['shoegaze', 'dream pop', 'Shoegaze And Post Rock Labyrinth', 'favourite track', 'awwww', 'ours', 'songsilistentowhenimsadasfuck', 'indie', 'Love', 'nu-gaze', 'dreampop', 'Favorite', 'this weeks thrill', 'Neo-Psychedelia', 'Sleeping', 'Oh My God', 'new artists', 'the best song ever', 'newgaze', 'top fan of', 'melike', 'auralgasm', 'audiocaffeine-01', 'hit3', 'i-miss-you', 'a bad idea whose time has come', 'staring out the window', 'highspire', 'love this dreampop', 'sounds just right to fade away', 'andylikes', 'Good musical company for someone who suffers from loneliness']"
5aT06EKFFrlFrlwxnDSXnN,Any Other Day,Sun and Shade,1rZJIfmPw3VT6s84lcTBom,['Woods'],['2sBPVEeMBXKNsZtYaJixnJ'],2,1,False,0.472,0.949,9,-5.433,1,0.0618,0.215,0.00416,0.134,0.852,120.198,117011,4.0,2011,2011-05-31,"['Brooklyn', 'best songs of 2011', 'alternative', 'jesus etc', 'Keep the Fate', 'in with the new', 'indie', 'yet another 4', 'radio as i want it', 'gr ny', 'gr sky']"
09yDX2BZLGaLnztkZ0hRdr,The Eve Of The War,Highlights from Jeff Wayne's Musical Version of The War of The Worlds,4g1iopKeyhjN1a9bgpa4GD,['Jeff Wayne'],['5bpiFjU6CnEErF1C8gBqvG'],1,1,False,0.416,0.6629999999999999,2,-6.319,0,0.069,0.132,0.0189,0.291,0.409,126.661,304227,4.0,1978,1978-06-12,"['Soundtrack', 'Symphonic Rock', 'Progressive rock', 'musical', 'rock opera', '70s', 'rock', 'prog rock', 'jeff wayne', 'instrumental', 'panflute', 'War of the Worlds', 'blitz playlist', 'several moods', 'electronic', '80s', 'spacey', 'war', 'top 40', 'that horrific guilty pleasure you tell nobody about', 'justin hayward', 'the chances of anything coming from mars are a million to one they said', 'classic rock', 'vocal', 'jazz', 'pop', 'classic', 'british', 'experimental', 'prog', 'energy', 'acoustic', 'Fusion', 'fantastic', 'beautiful', 'krautrock', 'guitar', 'electric guitar', 'orchestral', 'lounge', 'synth', 'violin', 'england', 'atmospheric', 'haunting', 'space', 'spoken word', 'art rock', 'Progressive', 'literate', 'oldies', '1978', 'scifi', 'Pink Floyd', 'roots', 'relaxing', 'Psychedelic Rock', 'male vocalist', 'harmony', 'home', '4', 'sci-fi', 'Ulla', 'space disco', 'best', 'Favourites', 'brilliant', 'english', 'harmonies', 'yes', 'genesis', 'story', 'apocalyptic', 'november', 'eclectonia', 'all the best', 'all in a day', 'movie soundtrack', 'music to have on', 'fout', 'music', 'ace', 'concept album', 'takes me back', 'battle', 'stereo', 'The Zombies', 'SuperTramp', 'sf', 'whistles', 'analogue', 'Analog', 'Fabulous', 'golden oldies', 'top 2000', 'Play this loud enough to raise the dead', 'disco rock', 'tontonka', ""70's"", 'audio play']"
3vZk8a6PHSDf2FZpiHFbpz,Queen of the Forest,Ted Nugent,71SdSYZuuy7fCWbx0iqtac,['Ted Nugent'],['21ysNsPzHdqYN2fQ75ZswG'],9,1,False,0.528,0.883,9,-5.2010000000000005,1,0.0537,0.0162,0.00604,0.0911,0.7490000000000001,143.804,215467,4.0,1975,1975,"['hard rock', 'classic rock', '70s', 'rock', 'heavy metal', '70s hard rock', 'classic hard rock', 'classic metal', 'Ted Nugent', '70s heavy metal', 'classic heavy metal', 'Radiotsar approved', 'Lauf']"
7ghsY5DpygfwVc48rBmN4u,La Hora del Matarife,Los Veteranos,79xVsg1JPIqvQE0exEly78,['SFDK'],['56n1NeXsTOOxjX3Z4lVMTJ'],9,1,False,0.778,0.5770000000000001,6,-9.309,1,0.4639999999999999,0.264,0.0,0.0855,0.675,86.639,247153,4.0,2007,2007-03-21,"['spanish hip-hop', 'Hip-Hop', 'lagrima escocndida']"
0U7O9MwVsO5dYa4qKR7QEr,You Are So Beautiful,16 Biggest Hits,3YD1UC4LwnmtJoJMxrWWKx,['Tanya Tucker'],['7dmeVSH4lJqxXU7C87dKIB'],13,1,False,0.33,0.221,2,-14.143,1,0.0291,0.4429999999999999,8.640000000000001e-05,0.317,0.126,114.13,164160,4.0,1972,1972,"['pop', 'country', '70s', 'cover', 'Ballad', '1977', 'billy preston cover']"
5W56dTV2GAHAdIwlLZqPij,Sugar High,Begging for More,5WGMsGOVD8qQN2XhbRhgTi,['The Reputations'],['0Jp3wJhS0aL87PXnx25SHs'],4,1,False,0.655,0.8079999999999999,0,-5.6720000000000015,1,0.0294,0.0532,5.51e-05,0.0794,0.97,135.115,186989,4.0,2017,2017-03-07,['sxsw 2017']
1amrlZZfApwcJ8pmQBg5Vi,One,Saroos,5p5pLndZ43efZmpa9JuCvv,['Saroos'],['2RgEQXQ9YF6fC40rfMeAaI'],9,1,False,0.763,0.61,0,-9.963,1,0.088,0.2,0.569,0.257,0.852,152.197,255720,4.0,2006,2006-10-27,"['clinically romantic', 'numbered according to stretchead', 'loved according to stretchead']"
0s84XrdRIdsO3Ihl4XKdVS,The Sexual Politics Of Me,Chris Lee,23kDES68Fj9DgC1pNvcTyh,['Chris Lee'],['6R3ry4a44N0sQnNpEPXPmj'],2,1,False,0.335,0.87,0,-5.122000000000001,1,0.0477,0.0213,2.27e-06,0.0828,0.575,130.881,166973,5.0,2000,2000,['for shanny']
6QsmAgHdV1WL6wmUTXAKQs,One Problem At a Time,Halo Wars (Original Soundtrack),6SBNiejyh67pYM1wJxqrM1,['Stephen Rippy'],['7q07gjcF7sg6LMZKvp1TRZ'],18,1,False,0.22,0.152,4,-15.467,0,0.0383,0.711,0.894,0.221,0.105,111.374,74347,4.0,2009,2009-02-17,"['instrumental', 'unsc']"
1lXcJW04PlFJyM54XULY5i,My Survival,Spies Of Life,4lcZsQO4rbnI1Es1JTa1so,['Player'],['0fgtHVpOPfXb07S8Jx443z'],8,1,False,0.252,0.623,5,-8.725,1,0.0347,0.033,0.0,0.288,0.351,144.162,275801,4.0,1982,1982,['west coast']
4oB7M98Ds2E5K5hoCoiZvo,Greedy Fly,Razorblade Suitcase (In Addition),5nLESM0i6o7nWCyu7FAeb9,['Bush'],['78SHxLdtysAXgywQ4vE0Oa'],2,1,False,0.451,0.74,8,-7.81,1,0.0421,0.0333,0.012,0.059,0.293,112.933,269533,4.0,2014,2014,"['Grunge', 'rock', 'alternative', 'alternative rock', '90s', 'bush', 'heard on Pandora', 'post-grunge', 'british', 'favorites', 'indie rock', '90s Rock', '90s alternative', 'indie', 'sad', 'beautiful', 'chillout', 'seen live', 'hard rock', 'easy listening', 'High School', 'Favourites', 'alt rock', 'animals', 'Singing', '1997', 'extensive vamping', 'repetitive melodic phrasing', 'my music', 'Post Grunge', '90z', '90s classics', 'alternative top', 'greedy fly', 'classic rock', 'chill', 'punk', 'favorite songs', 'heavy', 'indie pop', 'post-rock', 'singer-songwriter', 'UK', 'electro', 'pop rock', 'memories', 'slow', 'britpop', 'Awesome', 'guitar', 'thoughtful', 'hiphop', 'Mellow', 'punk rock', 'amazing', 'melancholic', 'loved', 'Rock and Roll', 'british invasion', ""90's"", 'Favorite', 'heart', 'tagged', 'english', 'try out', 'deviant', 'classics', 'boys', '4 Stars', '1990s', '10 of 10 stars', 'altrock', 'british artist', 'a distinctive male lead vocal', 'mine', 'creepy', 'tool', 'collection', 'favourite albums', 'Brit', 'eddie', 'Michigan', 'good music', 'minor key', 'Grunge Rock', 'Britrock', 'sing out loud', 'hard rock roots', 'iTunes', 'gavin rossdale', 'a vocal-centric aesthetic', 'great guitar', 'breakup music', 'best of 1996', 'scanner', 'gives me chills', 'Time Machine', 'lucipro', 'so sad', 'The Feeling']"
3IsGy9Qp4ckLUxCF9WtRsa,Ceaseless Voice,Un-Folding Fifth,1lUrdo9RSK0VaFdRNVgWNj,['Rada'],['77C3owGTFPmigDDIpQLoiF'],4,1,False,0.396,0.244,2,-15.193,0,0.0524,0.965,0.943,0.115,0.503,92.878,225813,4.0,2007,2007-11-07,['ajpasatambient']
3CPLqll6KRXBUN8KYUKsgr,Scorch,Galactic Caravan,4si1CP8SPxpozv6txM3hr5,['Transglobal Underground'],['1J3SQiv951KEbTdyDHFWVQ'],7,1,False,0.6609999999999999,0.913,0,-7.001,1,0.0413,0.0853,0.0713,0.311,0.6859999999999999,125.948,300907,4.0,2001,2001,"['world', 'world fusion', 'funky', 'dance', 'upbeat', 'electronic', 'new age', 'World Music', 'Indian Fusion', 'Transglobal Underground', 'UK', 'groovy', 'bujamsie', 'world dance', 'qko', 'funk lift off', 'tiffburns', 'upti', 'club e', 'spec2']"
4t85wNnjXgPr9TOzhSlg5V,Of His Eyes the Peace V,The Enigma V (Masterminds),1IfZZyiYhtOhZKToHpHd3T,['Shinnobu'],['2TRJhagEQptcZTpMkZKqbI'],1,1,False,0.642,0.33,4,-16.340999999999998,0,0.0319,0.618,0.92,0.316,0.297,95.512,425140,4.0,2018,2018-05-09,"['flute', 'chant', 'enigmatic', 'gregorian chant']"
3L60Vu9qmY6fg2QroRIxgi,Cry Baby,Pearl (Legacy Edition),3j7nicLAWXM0Fb08q9XGyf,['Janis Joplin'],['4NgfOZCL9Ml67xzM0xzIvC'],2,1,False,0.474,0.418,0,-9.654,1,0.03,0.515,0.000342,0.0535,0.504,83.18,238600,3.0,1971,1971-01-11,"['classic rock', 'female vocalists', 'blues', 'rock', '60s', 'Janis Joplin', 'blues rock', '70s', 'hippie', 'soul', 'psychedelic', 'oldies', 'female vocalist', 'Psychedelic Rock', 'singer-songwriter', 'american', 'cry baby', 'woodstock', 'legend', 'classic', 'blues-rock', 'janis', 'female', 'Love', 'soulful voice', 'favorites', 'Rock  Roll', 'female vocals', '1971', 'pop', 'folk', 'USA', 'beautiful', 'emotional', 'melancholic', ""60's"", 'Flower Power', 'strings organs rubber wind', 'pearl', 'Great Classics', 'legend rock', 'Joplin', 'livin out the trip', 'slgdmtopalbums', 'bros be trippin', 'chill', '80s', 'alternative', 'sad', 'memories', 'cover', 'Favorite Artists', 'old school', 'folk rock', 'soulful', 'Southern Rock', 'female artists', 'best', 'Favourites', '9 of 10 stars', 'love song', 'ballads', 'Feeling Blue', 'great vocals', 'good ghosts from the past', 'love hurts', 'dead legends', 'lovely vocals', 'favorites songs', 'great woman', 'slgdm', 'JTMlate60s', 'rolling stones etc', 'janis- cry baby']"
1KPsdiKVY0ffbgpICYoee6,Why I Wait,Why I Wait,2I7UK0wK58Whl0f01cduTp,['Kitten'],['4zHX9zUUtxUw898g1GyihC'],1,1,False,0.4579999999999999,0.473,9,-9.527,0,0.0372,0.2319999999999999,0.00919,0.0976,0.109,135.942,307027,4.0,2014,2014-04-29,"['Night Music', 'chill music']"
2HU5nwxT6fKQBecxrSsJxf,Coronation of Our Domain,Conquering South America,6oyyWDMBS78t1hZLYXIrwQ,['Malevolent Creation'],['1NrkyGnaWUYV1hLP74pp6X'],9,1,False,0.244,0.911,1,-3.935,1,0.103,6.24e-05,0.0273,0.522,0.276,169.044,320840,4.0,2007,2007-09-18,"['death metal', 'old school death metal', 'Extreme', 'metal', 'seen live', 'classic', 'Awesome', 'thrash metal', 'Masterpiece', 'Brutal Death Metal', 'heavy as fuck', 'extreme death metal', 'rifftastic', 'Corona', 'so fucking heavy']"
4MAdqumvZOs3bz6fq7Uls7,Preface,LP1,070rEVRV6FWywkncMWLhs6,['FKA twigs'],['6nB0iY1cjSY1KyhYyuIIKH'],1,1,False,0.283,0.6559999999999999,1,-6.224,1,0.0513,0.5720000000000001,0.364,0.0545,0.039,110.536,106787,4.0,2014,2014-08-12,"['trip-hop', 'electronic', 'experimental', 'dream pop', 'art pop', 'female vocalists', 'trip hop', 'drone', 'alternative', 'ambient', 'downtempo', 'choral', 'Avant-Garde', 'glitch pop', '2014', 'alternative rnb', 'Deconstructed Club', 'noise', 'UK', 'industrial', 'chamber pop', 'idm', 'england', 'atmospheric', 'ethereal', 'darkwave', 'trippy', 'female vocalist', 'rhythm and blues', 'english', '2010s', '4 Stars', 'lush', 'United Kingdom', 'Avant Pop', 'Avant-Pop', 'best of 2014', '2 stars', 'prog-rnb', 'ambient RNB', 'suziko-rockwerchter', 'a nice intro for a nice album', 'alternative rhythm and blues', 'i love another and thus i hate myself', 'dream pop not hypnagogic pop']"
7CdySup9OS9itHaEBztbaK,Selfoss,Arabian Horse,6DdjglZhYEyj9azJTRiHex,['GusGus'],['5sL9uDMwceYHPknnCLAAwJ'],1,1,False,0.583,0.226,5,-14.45,0,0.0905,0.831,0.336,0.115,0.109,120.015,341083,4.0,2011,2011-05-23,"['House', 'electronic', 'folk', 'tech house', 'deep', 'amazing', 'deep house', 'mysterious', 'Ambient Techno', 'Eargasm', '4 Stars', 'accordion', 'fucking brilliant', 'why do I like this so much', 'part of this song is amazing and the other part is whatever', 'PUNISH ME', 'eletronic indie']"
5R67QuLkUTVxcJsZrgGO68,A New Sunrise,Territory 4,6y7uvi4AOYrJkwWl6kJm9w,['Theodore Ziras'],['2bQ05KlAru1EUIrKHx85Pr'],9,1,False,0.1889999999999999,0.984,0,-4.184,1,0.14,1.52e-05,0.83,0.0607,0.0958,116.304,328907,4.0,2009,2009-06-09,['guitar virtuoso']
30ssAaj0qfOoaKLPvCPcK4,Hiding My Heart,The Story & Cover Stories,1JUiwrGw7950O1zwfWILEX,['Adele'],['4dpARuHxo51G3z768sgnrY'],14,2,False,0.5660000000000001,0.2019999999999999,11,-10.602,1,0.0361,0.831,0.0,0.376,0.34,68.036,205373,4.0,2007,2007,"['soul', 'pop', 'british', 'cover', 'Adele', 'female vocalists', 'folk', 'nice instrument', 'heartbreakingly beautiful', 'el soundtrack de mi vida', 'songs that rip out my fucking heart', 'singer-songwriter', 'acoustic', 'live', 'heartbreak', 'heart', '8 of 10 stars', 'para cerrar los ojos', 'love hurts', 'makes me melancholic', 'beautifully covered', 'crying buckets', 'indie', 'vocal', 'downtempo', 'blues', 'beautiful', 'morning', 'r&b', 'covers', 'rnb', 'female vocalist', 'Great Covers', '00s', '2011', 'cover songs', 'love at first listen', 'makes me cry', 'so true', 'Masterpiece', '2010s', '6 of 10 stars', '21', 'simple', 'favorite track right now', 'cover me', 'brandi carlile', 'crying in the bathtub', 'shit i am in love again', 'love playlist', 'Qornsjtie Quorn-Thucydides fuck Qornz', 'was there another one saying this', 'love adele', 'CJL Original Library', 'Qornsvdhe Quorn-shutout fuck Qornz', 'Qornsjsje Quorn-lad are you from the med Qornz']"
4rltDjULnkf7UyuRmgtkK6,Prelude To A Kiss,Bennett Sings Ellington / Hot And Cool,7uRqIpnqW1nI0d3fkamMa9,['Tony Bennett'],['2lolQgalUvZDfp5vvVtTYV'],13,1,False,0.4270000000000001,0.0275,0,-24.996,1,0.0492,0.852,0.226,0.132,0.0722,108.333,295467,4.0,1999,1999-09-28,['pop']
1gdO8YVx32DJAsDxfO4Bn3,Magickon,ORO: Opus Primum,6hf462gZBiHy2igQj14agP,['Ufomammut'],['105vC0oJ985P5G3g36EosL'],4,1,False,0.3229999999999999,0.424,4,-10.73,1,0.0305,0.0141,0.877,0.195,0.0369,90.188,476693,4.0,2012,2012-04-17,"['stoner metal', 'metal', 'Stoner Rock', 'doom metal', 'Doom', 'Sludge', 'nomadic rituals', 'psychedelic sludge metal']"
0CY7cHwcJZzKlcK5EohrRu,Dream In Red,Revolution Road,1qQKFPvS2mFEsUjIqqmr2e,['Rocket Scientists'],['3cOczMBbwR9ANxjDHpnkBJ'],3,1,False,0.3939999999999999,0.727,2,-9.302,1,0.0363,0.0204,0.119,0.149,0.3779999999999999,172.155,391627,4.0,2006,2006-01-01,"['rock', 'Progressive rock', 'symphonic prog']"
5nBkO2wPWSSPWO8gHJshR9,New England Rag,Six Strings North of the Border - Volume 2,0d1PkMOCVp6vZOQ6of8Owh,"[""D'Arcy Wickham""]",['7jOyeBaHxKtkTrO4fxThrY'],9,1,False,0.466,0.313,9,-15.553,0,0.0384,0.828,0.5429999999999999,0.155,0.665,136.055,130360,4.0,2002,2002-11-01,"['folk', 'Canadian', 'guitar']"
2nzm1ZDF2noLwLKyWMBGCO,Dream / les Yeux Ouverts,Le Chemin,0Z3YNoVmnbN86JdyGUVJaH,['Jessica Fichot'],['147gQRlouYK2Ba15Z2cxgY'],8,1,False,0.43,0.322,0,-9.752,1,0.0358,0.889,2.1e-06,0.142,0.4589999999999999,89.541,187360,4.0,2007,2007-01-01,"['french', 'jazz', 'female vocalists', 'piano', 'covers']"
60s6aJubzgzE1GpEVKWl0d,Stille Nacht (Silent Night),Christmas Live,5GKV8cxGiICbPHNOIIBXn0,['Mannheim Steamroller'],['0EeHVtSdrYibpGDVHjWEpe'],15,1,False,0.247,0.556,0,-12.231,1,0.045,0.747,0.595,0.975,0.144,92.638,326653,3.0,1997,1997,"['christmas', 'Christmas Songs', 'holiday', 'Yule', 'instrumental Christmas', 'Krismas']"
6UsZaWIZhlYZgiqHlsruSW,Love to Make A Stang,Smoked Out Music Greatest Hits,4GIwo7CpBcG7cWqS53dyHa,['Three 6 Mafia'],['26s8LSolLfCIY88ysQbIuT'],4,1,True,0.715,0.696,2,-6.244,1,0.223,0.000155,0.0414,0.242,0.557,138.227,218000,4.0,2006,2006-10-03,"['favorites', 'Horrorcore', 'three 6']"
4Y9gZ3h0y5e6QRk2Sf0ss7,Rich Black Soil,One Happy Camper,5t0rQUmcgTOqug2TMGkMRj,['Kaz Murphy'],['2izfOpRRwDU14g8PFjjq1y'],8,1,False,0.282,0.501,11,-9.31,0,0.0428,0.534,0.768,0.105,0.208,183.68400000000003,246200,3.0,1997,1997,"['americana', 'Alt-country', 'folk rock']"
6vC9Dc8YSGvJ0j83x8NdFe,Totem,Invocation,0CR0UoDrDnb5bMZP6PjVci,['Dew-Scented'],['2wkM2cLcT5sLS1wi6OYPTH'],7,1,False,0.418,0.5489999999999999,2,-6.665,1,0.0377,0.00533,0.605,0.317,0.0532,124.19,66467,4.0,2010,2010,"['thrash metal', 'death metal', 'german thrash metal', 'metal']"
3zBKzf8SgNr0MIpCEqEDRd,Asteroid Belts,The Slay Stack Grows: Early Demos and Live Recordings,6149wdyyqzctXlLsRaEwNn,['The Lord Weird Slough Feg'],['0VV7GNAJSRtAvWULgtRXCn'],28,1,False,0.0922,0.928,11,-6.621,1,0.129,0.00072,0.0739,0.37,0.491,174.43900000000005,148227,4.0,2008,2008-01-01,"['heavy metal', 'metal', 'heavy', 'folk', 'Doom', 'traditional', 'Power metal with folk and doom', 'metal stuff woo']"
3KxjFz7ZUy0DozbXpfX2p5,Throwing Things,God Fodder,3jkqrE3ycfEY8088IZXcZZ,"[""Ned's Atomic Dustbin""]",['5AX02tEFl85gnqkvzqeltP'],6,1,False,0.456,0.875,9,-12.211,1,0.0516,0.00101,0.0111,0.138,0.6809999999999999,141.915,199467,4.0,1991,1991-04-01,"['indie', 'alternative', 'indie rock', 'rock', '90s', '1990s', '1991', 'indie pop', 'blues', 'fun', 'High School', 'poppy', 'sk8', 'grebo', 'Alternate Rock', 'Neds Atomic Dustbin', 'instant happy', 'Best Of Alternate Rock', 'Best Of Favorite Artists', 'superfast', 'yet another 4', 'radio as i want it', 'up on trial', 'gr ar', 'The Bristol 1991-1993', 'gr 90s', 'less than 88', 'gr ws', 'JR List']"
5WRQjCCYqStAiyfmrildxH,Good Life,Turntables on the Hudson: Twenty Years of Good Vibes (20 Year Anniversary),1RgsyWsNXGTWHahRADx6DI,['Brassroots'],['0b2YLMboLmhRio7F9vroR9'],2,1,False,0.911,0.591,6,-9.498,0,0.2019999999999999,0.0935,0.0135,0.0976,0.907,124.009,234733,4.0,2018,2018-12-07,"['brass', 'streamable track wants', 'Second Line', 'double-ender 32']"
0DtUyeqJIvuOY58kqg0ZCd,This Link Is Dead,Ohms,0VEFy5MsBiq0u2lWL0OwOd,['Deftones'],['6Ghvu1VvMGScGpOUJBAHNH'],7,1,True,0.134,0.989,1,-3.258,1,0.4589999999999999,0.000268,0.69,0.138,0.0387,171.766,277251,4.0,2020,2020-09-25,"['alternative metal', 'math metal', 'metal', 'alternative', 'Progressive metal', 'post-hardcore', 'Deftones', 'Post-Metal', 'badass drumming', 'ohms', 'Chunky Riffs', 'k1r7m']"
300dPmE0dv1urytTusm16j,Easy Driver,Nightwatch,2IIoRTMSjA1fTv11MdpGMj,['Kenny Loggins'],['3Y3xIwWyq5wnNHPp5gPjOW'],2,1,False,0.61,0.745,2,-11.79,1,0.034,0.0542,0.000386,0.243,0.696,136.02,213507,4.0,1978,1978,"['classic rock', 'rock', '70s', 'west coast', '1979']"
19azfDLJijGlOwA0UbtAk0,Hold My Hand,"If You Got To Ask, You Ain't Got It!",1W9UvJtQ8WmTnIBqi6KnHB,['Fats Waller'],['0DYWCXTkNqGFZIf67SrWEa'],10,1,False,0.774,0.301,5,-13.865,1,0.0605,0.921,0.078,0.0567,0.6990000000000001,102.415,176173,4.0,1926,1926,"['classic jazz', 'Early Jazz']"
1DX0ORiRUjzbJv4XA9EHzy,Don't Worry 'Bout Me,Blue Gardenia,0wr68AslbZFwNchRZL0aoL,['Etta James'],['0iOVhN3tnSvgDbcg25JoJb'],9,1,False,0.4370000000000001,0.245,10,-14.428,0,0.0483,0.746,0.00734,0.14,0.248,198.756,352467,3.0,2001,2001-07-27,"['jazz', 'easy listening', 'blues', '00s', 'starter', 'good things mainly jazz but', 'in the box of old letters under the desk', 'Never Played']"
2xIZXByUQfdgrqoGaJE9Ch,Right Where I Want You,Expectation,0XoSTr5t3rQlAneTotCU7X,['Declaration'],['5I5tAYlA7sIdcQtgdNd9qg'],6,1,False,0.617,0.944,9,-7.086,0,0.0594,0.0893,0.0228,0.15,0.483,103.018,246507,4.0,2008,2008-05-19,['flashback alternatives']
2FVNPjtDMeme2iEhFdCu3n,I Fell In Love Today,Shinola (Vol. 1),2aplhoOcX4UjbxrUdxGEiH,['Ween'],['3u1ulLq00Y3bfmq9FfjsPu'],3,1,False,0.8109999999999999,0.484,4,-10.081,0,0.0395,0.2,0.00292,0.122,0.954,146.224,249267,4.0,2005,2005-07-15,"['chillout', 'chill', 'rock', 'alternative', 'sensual', 'a place for people with that tiny black spot on their brain to go when the darkness leaks out and does what it wills', 'chill the fuck out', 'stripper music', 'serial killer soundtrack', 'you fucked up', 'Stripperella', 'alternative rock', 'sexy', 'indie rock', 'Comedy Rock', 'Awesome', 'psychedelic', 'quirky', 'sex', 'Favorite', 'love song', 'marijuana', 'friendsofthekingofrummelpop', 'Good Stuff', 'sex music', 'Ween', 'Cult of Boognish', 'Erotic', 'Alternative PopRock', 'Boognish', 'songs I absolutely love', 'lap dance', 'ridiculously awesomely good', 'chill porn music', 'frenchysfavorites', 'breathplay']"
1Ypilik92gtFLdryUAGfv0,We'll Be Sweethearts In Heaven,The Complete Columbia Stanley Brothers,2JxhOmYxViLM4IW6DebLs9,['The Stanley Brothers'],['0qqGnmHBX2yVvCITRAvuRD'],9,1,False,0.53,0.465,2,-12.34,1,0.0297,0.7120000000000001,4.73e-05,0.391,0.541,106.129,156573,4.0,1996,1996-03-06,"['bluegrass', 'USA', 'acoustic', 'virginia', 'jordaan', 'The Stanley Brothers', 'carlas', 'KARINS']"
3W5Fut8EdVncmvi41QC6Up,Only You,Romantic 80's,20ORbWNXZ65Iinp4Rl6Xsh,['Yaz'],['1XSKLwRyT1GttGP7fqr5o5'],10,1,False,0.731,0.347,9,-16.691,1,0.0398,0.31,1.29e-05,0.0946,0.855,105.791,195507,4.0,2017,2017-02-16,"['80s', 'new wave', 'synth pop', 'synthpop', 'pop', 'electronic', 'Yazoo', 'new romantic', 'electronica', 'female vocalists', 'love songs', 'british', 'Love', '1982', 'Alison Moyet', 'electropop', 'alternative', 'synth', 'favorites', 'Only You', 'beautiful', 'Mellow', 'nostalgia', 'love song', 'synth-pop', 'Vince Clarke', 'chillout', 'UK', 'dance', 'britpop', ""80's"", '1980s', 'fringe', 'electric pop', 'classic', 'oldies', 'Bittersweet', 'female vocalist', 'johnnytop', 'romantic', 'melancholy', 'Favourites', 'Depeche Mode', 'NewZenithSpectrum', '80s Pop', 'Napoleon Dynamite', 'Yaz', 'Yazoo-Only You', 'disco-dance', 'dj delberts dorky dance drops', 'Yazoo - Only You', 'Soundtrack', 'rock', 'favorite songs', 'top', 'party', 'yearning', 'duo', '6 of 10 stars', 'Favourite Songs', 'lovesongs', 'cream of the crop', 'My 80s', 'femvox', 'I want back to the 80s', 'Eighties Ball', 'Walter Bishop', 'what you wish', 'good yet forgotten', 'fire up the quattro 3', 'Peter Gagriel', 'essence records', 'great yazzoo', 'happy and chill', 'insuperable', 'my film soundtrack', 'miianens playlist']"
5MtEfJN9CYRIz05g6ZOUn4,Angel Band,The Definitive Bluegrass Collection,1u3EQMG4AgDlEWxIa6Zcoq,['Carl Story'],['3odthcEFO8qjupsfM56E2C'],9,2,False,0.52,0.212,7,-12.936,1,0.0292,0.735,0.0001419999999999,0.289,0.38,105.998,224267,3.0,2008,2008-06-02,"['bluegrass gospel', 'country', 'bluegrass', 'folk', 'banjo', 'dying', 'gospel bluegrass', 'doc watson and co', 'angel band', 'carl story']"
4MIsT88RP69QU99lr4b44K,I Just Want To Love You,Coming Home,4taDMS1Y1oQNZ0yuT7c48i,['Lonestar'],['3qbnxnvUqR14MJ9g8QwZJK'],11,1,False,0.41,0.455,0,-6.526,1,0.0336,0.6509999999999999,0.0,0.0853,0.188,140.95600000000005,247480,4.0,2005,2005-09-13,"['country', 'lonestar', 'no song just a reminder']"
6qwh66NirFRt1WTgEPvap6,Enlightenment of the Forsaken,Behold the Chaos,3CeXB2xlt4jO249D84Lz4l,['Advent of Bedlam'],['1OogX8A86mXlFoZ6FlngH6'],2,1,False,0.263,0.985,9,-6.104,0,0.15,3.75e-05,0.779,0.115,0.178,112.587,457467,3.0,2010,2010-07-31,['death metal']
2cwzYHfczrRtoUb1RwmqEh,Minefield,Black (Original Soundtrack),6segWEuTWB2XSlBSgaEYqY,['Chris Tilton'],['0E7PdEWOAW6t5k9qKSwQxF'],6,1,False,0.455,0.0322,0,-30.821,1,0.0386,0.975,0.978,0.1119999999999999,0.0883,65.146,87787,4.0,2006,2006-03-28,['American film score composers']
2IHweATl0BEqrKgLrWf8qz,Potato Girl,Happiness...Is Not a Fish That You Can Catch,6zlcEv6OCgGoVlF5Fm4cSd,['Our Lady Peace'],['1lqW59DUEKqvcHc8mVWBtH'],3,1,False,0.417,0.831,1,-5.81,1,0.0839,0.0733,0.00103,0.109,0.34,167.641,267640,4.0,1999,1999-09-06,"['alternative rock', 'Our lady peace', 'Canadian', 'brilliant', 'rock', 'Raine Maida', 'classic', 'Grunge', 'alternative', 'post-grunge', 'toronto', 'FUCKING AWESOME', 'fave artists', 'Sentimental', 'the word girl', 'the word potato', 'rock out', 'Five Star', 'cynic', 'The soundtrack to my wasted life', 'mashed potatos', 'aitch', 'aitchchill', 'aitchinternational', 'olp', 'botany songs', 'Grey Room', 'Potato Girl', 'olp potato girl']"
02tOeUwdWNkxRRgVIfSiop,Govindam,Union,31SLTHvfyWYRJLxBCtv56y,['Rasa'],['5Enz7wA3omADgLyx5f7dzt'],7,1,False,0.348,0.604,11,-10.914,0,0.0478,0.5529999999999999,0.0011099999999999,0.1159999999999999,0.331,97.004,523493,4.0,2001,2001-09-11,"['meditative', 'kirtans']"
3WRiWRkolTkYHKqMGsYsOT,Garfield,Eden,6sWz3hjGjLYCtcnPPuRe9i,['cupcakKe'],['76SlrtEaq2oViRXulxjfuM'],4,1,True,0.872,0.835,6,-6.174,0,0.11,0.2319999999999999,1.39e-05,0.0869,0.624,99.978,217560,4.0,2018,2018-11-09,"['Hip-Hop', 'rap', 'female vocalists', 'sex', 'legend', 'female rapper', 'female rappers', 'queen of hip-hop']"
1GU2LnARktwtmAILcBDi7W,Aux Antilles,Bon Voyage !!,68qqTjOxViljYLbFS6QS3u,['Ry-Co Jazz'],['3umj1fcfDdwdTiv6YvAsO9'],6,1,False,0.5660000000000001,0.732,2,-8.507,1,0.0572,0.588,0.0,0.22,0.87,113.499,343920,4.0,2008,2008-12-15,"['congo', 'Congolese Music Rocks']"
0h9fnCSnbUgOEgibnQByFv,Everyday Life,Everyday Life,2FeyIYDDAQqcOJKOKhvHdr,['Coldplay'],['4gzpq5DPGxSnKTe4SA8HAU'],8,2,False,0.512,0.452,2,-8.991,1,0.0292,0.775,0.0818,0.065,0.235,124.103,258533,4.0,2019,2019-11-22,"['2010s', '2019', 'british', 'alternative', 'pop rock', 'Coldplay', 'snl']"
79sJ1Tu2X099rjx5owedbo,They Can't Take That Away From Me,Gershwin For Lovers,1fmizidXDzZpCFuQU8l5LG,['Marcus Roberts'],['6dz608P8sHylVvVVo5OLx2'],8,1,False,0.523,0.0996,8,-25.887,1,0.0535,0.665,0.931,0.6940000000000001,0.172,131.423,507400,4.0,1994,1994-09-20,"['jazz', 'piano jazz', 'gershwin', 'intello']"
52e4mDt2eDHZOzczQabong,Have You Ever Been In Love,The Love Album,2j7sTZToZHDunCKSljpM9C,['Westlife'],['5Z1CCuBsyhEHngq3U5IraY'],7,1,False,0.522,0.312,0,-7.5139999999999985,1,0.0279,0.6859999999999999,0.0,0.087,0.271,133.901,221373,4.0,2006,2006-11-13,"['pop', 'westlife', 'boybands', 'have you ever been in love', 'romantic', 'cover', 'boyband', 'dance', 'slow', 'Love', 'britpop', '90s', 'male vocalists', '00s', 'Ballad', 'Favourites', 'love song', 'i love it', 'boy band', 'Supercool', 'English pop', 'ads', 'Irish Groups', 'ilhame', 'fracha']"
5TzCDKy1ZmFZdW8100A8p9,Bad Asteroid,The Aristocrats,7GKzcJbW0Qernh0Xab1bIf,['The Aristocrats'],['1V4jsLjkic1Mxvdke86Qth'],3,1,False,0.485,0.727,11,-7.2570000000000014,0,0.0462,0.0301,0.758,0.163,0.391,87.34899999999998,353667,4.0,2011,2011-09-13,"['Progressive rock', 'jazz fusion', 'instrumental', 'heard live', 'jazz-fusion', 'progshark']"
2ULThv21J5Kg1v5rmUePOP,Me la Pusieron Dificil,Super Bachatazos 97,12T5c4RFxAaILy5OGPKMjD,['Jorge Morel'],['3PCmED1ckvLHpYTJ8VuX7N'],4,1,False,0.8170000000000001,0.5429999999999999,4,-7.059,1,0.0527,0.6970000000000001,0.000454,0.0952,0.962,137.934,294240,4.0,1997,1997-06-28,['jorge morel']
3Ug2iVIr0xPiWQQywJ42l6,Free Nude Celebs,"Lovers, Lead the Way! / The Heat Can Melt Your Brain",7h5PH0Xhdqf8ya38FcDiMV,['Viva Voce'],['44WGx8zroBTpAfQSoXQA4u'],8,2,False,0.8029999999999999,0.6729999999999999,4,-7.937,0,0.0294,0.157,0.8140000000000001,0.131,0.872,104.988,194173,4.0,2003,2003-09-12,"['hand claps', 'indie', 'chill', 'sexy', 'USA', 'indiepop', 'acoustic', 'guitar', 'american', 'melancholy', 'melancholic', 'hot', 'duo', 'love at first listen', 'I myself am strange and unusual', 'oregon', 'america', 'title not in lyrics', 'Scootervonhootanany', 'Viva Voce', 'pop-infused', 'couple who are or were in a romantic relationship of any kind', 'viva voce - free nude celebs', 'lirilir']"
7agDa0H7Bpb6sYXbyjCwUc,Cold Fish,Iguana Studios Rehearsal Tape - San Francisco 1978,50dlOY3xmlwd8g1wiacQaf,['Dead Kennedys'],['30U8fYtiNpeA5KH6H87QUV'],8,1,False,0.247,0.937,10,-4.137,1,0.1169999999999999,0.0511,0.809,0.237,0.79,96.409,168611,4.0,2019,2019-09-27,"['80s', 'punk', 'american', 'California']"
5TcCx9EL1xmgqpixb4o4Qk,When I Been Drinking,Booze And The Blues,3BFDeXRiSpXuHdjgYxeY2Y,['Rosetta Howard'],['1T9Po16Q4nCR2pmguMEmkX'],17,1,False,0.389,0.293,5,-12.68,1,0.0434,0.979,8.120000000000001e-05,0.563,0.509,169.697,175227,4.0,1995,1995-12-31,"['alcohol', 'blues', 'rhythm and blues', 'rhythm and blues female vocalists']"
371tOklCzb6RXgH8Vtjzou,Keep Drawing Suns,Waking Hours,2cU2SV7mPXeDiOPaBaDvyd,['Japancakes'],['0sjShUAIZ8A5b6YhYHB2A0'],1,1,False,0.296,0.1689999999999999,9,-13.599,0,0.0346,0.934,0.853,0.0828,0.033,80.65100000000002,536733,4.0,2004,2004-09-14,"['post-rock', 'experimental', 'strings', 'eclectic', 'pedal steel guitar', 'TG', 'pedalsteel', 'solar', 'kds']"
6QTMHg9oZ0j6WgFY673PNs,Effortless,This Little Bird,6QKqIt3NmTBWygrym6ihHa,['Allison Crowe'],['6hG64BPoiQOzP30N6KU8Ue'],1,1,False,0.447,0.0695,4,-19.24,1,0.033,0.857,4.429999999999999e-05,0.257,0.0819999999999999,78.167,280013,4.0,2006,2006-01-01,"['female artists', 'allison crowe', 'maike tipp', 'piano', 'free', 'Smooth Jazz', 'cool', 'female vocalist', '8 of 10 stars', 'jazz nostalgia', 'like vonda', 'Mal-wa', 'Jazz Vocal Tag']"
0bUQiZhsz30y1rgh7QQDIX,Her Body Smells of Cinnamon,Where Do We Float From Here?,63DIHyOVwGZyeP8TPu3g3W,['Ruxpin'],['0gsu0Kbfq0yG5uIdJ4KNyH'],2,1,False,0.61,0.736,7,-10.241,0,0.0435,0.251,0.87,0.171,0.384,153.971,229533,4.0,2009,2009-09-06,"['electronic', 'melodic', 'idm', 'spring', 'early morning music', 'late night music', 'somafm', 'played', 'electrinic', 'spacestation', 'ticktacktick']"
0v9GbebAgRNG19rhfR1k1m,My Father Was A Horse,Adult Nights,7vsmpy7MRh0l8iQAejQA6e,['Wild Light'],['1D0wqRH4CpHi61RiiEWAaE'],9,1,False,0.52,0.794,5,-5.7170000000000005,1,0.0278,0.000886,0.000321,0.1009999999999999,0.757,143.061,162147,4.0,2009,2009-03-03,"['animals', 'horses', 'pretty good']"
