id,name,album,album_id,artists,artist_ids,track_number,disc_number,explicit,danceability,energy,key,loudness,mode,speechiness,acousticness,instrumentalness,liveness,valence,tempo,duration_ms,time_signature,year,release_date,tags
50RxEh7p007idiqLpchowe,Genius,Been Meaning to Tell You,15NmMjr22zBZBYhnFtbzBx,['Ina Forsman'],['6YVaWx92qxstwulKJXqN2b'],4,1,False,0.652,0.7829999999999999,5,-4.87,0,0.0722,0.0621,2.97e-06,0.206,0.6609999999999999,117.932,224953,4.0,2019,2019-01-25,Errore
41R2djzT3nIc9715vG8rRq,3 Pieces for String Quartet: II. Moderato,Bridge: Phantasie Quartet / Novelletten,4K55MLjBMJXMIOaZXYJ3gI,"['Frank Bridge', 'Maggini Quartet']","['7rj5B6cNPEJhWLnZAPSw9c', '19EBfpy3q2Pj5WOxNeEIdX']",15,1,False,0.0855,0.0055,3,-40.949,1,0.0491,0.945,0.0945,0.1989999999999999,0.0372,170.081,84027,3.0,1996,1996-02-21,Errore
5POkqTHVjljanjBDV3at9a,Karoshi - Remixed by Empusae,Spreading The Infection,0NiJxl6busyzDUCUJ8zgFC,['Prospero'],['6NiCwNzyon9pvb4w8XayVP'],8,1,False,0.309,0.947,10,-8.37,0,0.0514,0.0451,0.892,0.0963,0.0938,105.498,343347,4.0,2004,2004,Errore
3YkfPGxnVZuwSQnRSo90bo,Medley,I'll Be Home For Christmas,7mIVboBGuqSjcEQIzoNJwU,"['Lewis H. Redner', 'Richard Storrs Willis', 'Traditional', 'Edmund H. Sears', 'Marilyn Horne', 'Mormon Tabernacle Choir', 'Columbia Symphony Orchestra', 'Dr. Jerold Ottley']","['3sg8YemF3BUT0VEQ6NaZ3j', '1dBvJOfPsAZMPAs9ZVPBm4', '1U5zgr455OGyIkLNXvDdrf', '3pxdlBQFI2hKpta5J3AyNj', '2X1SZFqImVgl59tWagfjcl', '2duo4NJtUrLaI38trK0hht', '1iNPygduJOu0JnzasoDVLE', '0aGYF6nFfoVuy0ipRAWumZ']",9,1,False,0.206,0.28,5,-16.893,1,0.0474,0.964,0.0036299999999999,0.254,0.172,83.051,258560,4.0,1963,1963,Errore
5MTqSZf0xjwCzelKAOOwZc,Things I've Been Through 08,Soul Talkin,7xr0ciqFDMskKcZ2m7oiwJ,['Linda Jones'],['7erYZsfekXYGWvup1bnkUZ'],11,1,False,0.419,0.7190000000000001,0,-4.686,1,0.0725,0.7070000000000001,1.79e-06,0.109,0.57,143.129,181933,3.0,2008,2008-09-16,Errore
01nsAzZuGKCdz3PE0c5Gdw,Throat Chakra,Light Body,1nK1W95r7cn1bV45qiEVqT,['Peter Kater'],['0qfuxQiPQ79eohvARHBLFs'],5,1,False,0.0722,0.107,8,-19.791,1,0.0386,0.953,0.947,0.0683,0.0329,67.092,378547,4.0,2012,2012-09-25,Errore
7Jxp79DHtduKJ7YPo4lDaC,Earnestine,Leaving Mood,4YBT9ZGhAe1vHUEEvt16kX,"['Toronzo Cannon', 'Carl Weathersby']","['0zqygsU5SAxzfK5hop7As6', '2Qs4vDt8kbXB2sZUDisXPw']",11,1,False,0.645,0.872,1,-5.337999999999999,0,0.0419,0.105,0.00458,0.154,0.959,115.627,213920,4.0,2011,2011-11-01,Errore
1xrHb3SDssMrsvzKbNtflo,ÐÑÐµ,ÐÐ¾ Ð¡Ð²Ð¸Ð´Ð°Ð½Ð¸Ñ,2Ji9U33Ljqdm4RdlBKXteF,['IC3PEAK'],['3luonLzvSOxdU8ytCaEIK8'],12,1,False,0.255,0.265,9,-14.645,0,0.04,0.958,0.00372,0.0696,0.0379,86.792,83000,3.0,2020,2020-04-24,Errore
2nlxKdyPUBNpHp135r4Dho,Skies You Climb,Your Everything,0Gc6HYn3VyoEbvOykFRKVe,['Highspire'],['3inkPWsZsQ7HZGtMvl0qBP'],2,1,False,0.379,0.667,1,-4.175,0,0.0323,6.49e-05,0.59,0.228,0.103,100.026,388400,4.0,2005,2005-07-12,"['shoegaze', 'dream pop', 'Shoegaze And Post Rock Labyrinth', 'favourite track', 'awwww', 'ours', 'songsilistentowhenimsadasfuck', 'indie', 'Love', 'nu-gaze', 'dreampop', 'Favorite', 'this weeks thrill', 'Neo-Psychedelia', 'Sleeping', 'Oh My God', 'new artists', 'the best song ever', 'newgaze', 'top fan of', 'melike', 'auralgasm', 'audiocaffeine-01', 'hit3', 'i-miss-you', 'a bad idea whose time has come', 'staring out the window', 'highspire', 'love this dreampop', 'sounds just right to fade away', 'andylikes', 'Good musical company for someone who suffers from loneliness']"
0epFO1Ebh4xgSX2qiZg3jL,"10 Pieces from Romeo and Juliet, Op. 75: X. Romeo and Juliet Before Parting","Prokofiev: Piano Sonatas Nos. 1, 3 and 4",5vPwgsaT2VqPzfb0pdC2Al,"['Sergei Prokofiev', 'Bernd Glemser']","['4kHtgiRnpmFIV5Tm4BIs8l', '0OCB739kEu37yjT5VBLPEW']",15,1,False,0.43,0.0234,5,-25.456,1,0.0514,0.986,0.852,0.107,0.039,86.661,475107,4.0,1999,1999-04-28,Errore
7x1GaWbNJ9kJ0RJPX9fSqs,Black Beads,The Laughing Boy,4Wmp2qDLAGotCieTyzCBu2,['Matteah Baim'],['1dduE7grQ2Ub2Fsfbv2CsG'],7,1,False,0.389,0.0833,4,-16.701,1,0.0468,0.976,3.66e-05,0.109,0.128,90.728,94387,5.0,2009,2009-03-31,Errore
4QJKNMaeXWJ4GLFzdKuWxC,Tabula Rosa,Stretch To Fit,5JYklYEfoSFSHq1Hl8pFz1,['Housewife'],['5Ki5UpskCbTs3Apl7rdUxd'],6,1,False,0.703,0.411,10,-11.162,1,0.0459,0.1,0.00198,0.0887,0.853,128.648,128293,4.0,2003,2003-12-31,Errore
3xqwk7ocL8oOqVZRXat3rW,A Road Less Traveled,Long List of Priors,6YXMMiXoZZDAbLEB4gQrw0,"['Kenny White', 'David Crosby']","['2UAeVpU8BbIhByjrr7WtvK', '59zdhVoWxSoHMc74n098Re']",1,1,False,0.603,0.477,0,-13.398,0,0.0423,0.852,0.00107,0.0672,0.5670000000000001,112.069,301773,4.0,2016,2016-09-23,Errore
4sdqqksSWSrhheePvvlHyb,She's a Rainbow,Kids Rock for Peas,55MuUCZNRCCOLdfzzwFzSk,['The Sippy Cups'],['0thwL1viMWyt5XSUE3Gosu'],8,1,False,0.252,0.907,10,-5.608,1,0.175,0.536,0.0,0.713,0.373,208.234,179533,4.0,2005,2005-01-01,Errore
19alA8oxAncn0H9NJHcVHr,Mamme (FINLAND),National Anthems of the World,4igJh6iBmHcTgJm0SHzmEo,['Orlando Philharminic Orchestra'],['7Mo5vgGrsFEL66oApOV0F1'],31,1,False,0.472,0.509,10,-7.604,1,0.0321,0.875,0.962,0.072,0.858,82.43,48387,3.0,2004,2004,Errore
2g4mZ3kQvRq3AlZymM9Nn6,The Secret Voyage,"Goa Meditation, Vol. 1: Compiled by Sky Technology & Nova Fractal",6FygyZpxiXPrq7K9uV8SgL,['Space Vibes System'],['2HGWck15DYJjI6QMUSBXZD'],8,2,False,0.7020000000000001,0.961,6,-9.741,0,0.0432,9.95e-05,0.7929999999999999,0.144,0.0431,104.988,452571,4.0,2016,2016-08-29,Errore
1dznooGpk7iqAEkqZ7LGrT,"The Judgment of Paris: Symphony for Venus: Hither turn thee, garde Swain (Venus)","Eccles, J.: Judgment of Paris (The) [Opera] / 3 Mad Songs",7g8KrDErmXullScwLar31q,"['John Eccles', 'Roderick Williams', 'Benjamin Hulett', 'Susan Bickley', 'Claire Booth', 'Lucy Crowe', 'Early Opera Company Chorus', 'Early Opera Company Orchestra', 'Christian Curnyn']","['1Vf6J5GaEyalbTE1Jjbeui', '3AgfuptJ2ldYrLv5O6lkuJ', '1fe8ef25l1AS0ZZCQtTMAj', '525YYvT2o5JaJjaHYu9FnY', '5AANDbyZP3UPEy5k5LBRIo', '4nQeAjF99FSjaawoCaImcc', '1VGyG1ATaLhcmHFY6Jv10o', '5z2V4vaqN1pGU2j78v1RNM', '4Dgt4brudJR4ikEF5YY4cj']",11,1,False,0.157,0.0181,7,-25.199,0,0.0558,0.967,0.000315,0.109,0.0812,79.745,247000,4.0,2009,2009-04-28,Errore
1U8aqrIwAHYjlrDIJEh2gb,"Favorite (feat. Ty Dolla $ign, Lunchmoney Lewis & K CAMP)",While You Wait,0B2bZYbhUU2BU5Rfgrr3Xn,"['Travis Mills', 'Ty Dolla $ign', 'LunchMoney Lewis', 'K CAMP']","['5fzbfP3jLDaJZe7TdFDXRY', '7c0XG5cIJTrrAgEC3ULPiq', '2iUbk5KhZYZt4CRvWbwb7S', '5bgfj5zUoWpyeVatGDjn6H']",6,1,True,0.7,0.737,6,-3.74,0,0.0373,0.00847,0.0,0.0944,0.178,122.017,287907,4.0,2016,2016-04-08,Errore
5aT06EKFFrlFrlwxnDSXnN,Any Other Day,Sun and Shade,1rZJIfmPw3VT6s84lcTBom,['Woods'],['2sBPVEeMBXKNsZtYaJixnJ'],2,1,False,0.472,0.949,9,-5.433,1,0.0618,0.215,0.00416,0.134,0.852,120.198,117011,4.0,2011,2011-05-31,"['Brooklyn', 'best songs of 2011', 'alternative', 'jesus etc', 'Keep the Fate', 'in with the new', 'indie', 'yet another 4', 'radio as i want it', 'gr ny', 'gr sky']"
4Clw8f8wKLqmrlVw4SbLfQ,On What?,Triple Stack'd,1SxzFQhsZUAZ5RTp3uaEWa,['Triple Dose'],['7aMDLFRGJ4q7MHP4w4kEp9'],10,1,False,0.7020000000000001,0.797,10,-6.278,0,0.18,0.251,0.0,0.128,0.583,175.11,164587,4.0,2005,2005-09-21,Errore
6M4vUdDbSFmzMXirxsDtcQ,Brothers,El Chicano (Original Motion Picture Score),5zxUo5Los4bNLF7zUVd8fW,"['Mitch Lee', 'Mr. Criminal', 'Justine Tyrell']","['5xgoFwFry9bR08dqMSxYoJ', '1RbUvxpoXRKRcxVtcQ8YyV', '0X4fb30ZeZnyuYILaXTxDd']",2,1,False,0.745,0.6859999999999999,0,-6.683,1,0.0598,0.186,0.0,0.138,0.316,95.01,204632,4.0,2019,2019-04-25,Errore
1vpCVi65cmIrmjDior2x46,Poison Ivy,The Lasergun Compilation Volume II,4vGX2jFihErN2TPWrenuzR,"['Kemi', 'Amox']","['3YoEUwRn4k025RHbYBn2Z1', '6mVUKzUYyUDNpxQA0vps9O']",10,2,False,0.899,0.529,2,-11.412,1,0.0561,0.131,0.898,0.0974,0.159,125.979,364187,4.0,2006,2006-02-02,Errore
5bGpgPo7GFzpztiXUyxWTT,Tame the Time,Onerare,0bUcxQOmMQz7UP0SeFCNT6,['Voda'],['0DTfdpMssKqiNIWA9ury0G'],1,1,False,0.5760000000000001,0.948,11,-4.052,0,0.0558,0.000908,0.0156,0.368,0.413,100.016,315000,4.0,2015,2015-12-03,Errore
7MK1jXn1sG1XfvzkBgwI7m,Ripple/Wind Over Water <4 Darryl Reanney,Opium,1Cj3WaS2fLrMLOyYNgX2kE,['Ottmar Liebert + Luna Negra'],['6lt6zm42eGWzljf80v152L'],15,2,False,0.753,0.226,2,-18.942,0,0.0582,0.903,0.815,0.146,0.524,133.672,227893,5.0,1996,1996-03-12,Errore
4n8zV8CNLGUMfvNXicnUa0,89',Summer on Mason $treet,2RKorrr8MuGwzkRMqx6j35,['Mark Ant'],['21NbPJhX8vo5kLQoorFoaW'],4,1,True,0.818,0.478,1,-8.32,1,0.251,0.00663,5.02e-05,0.1,0.13,128.787,225829,4.0,2016,2016-07-21,Errore
2ykCx07wxKmd5HMKKD8T5t,Spring,Gas Money,2pmixsaScMmvLXTFAh0JZf,['Rel McCoy'],['6zZSnwey8dueazpOiNMAl7'],8,1,False,0.615,0.503,6,-7.164,1,0.14,0.662,0.0,0.0982,0.701,77.098,176773,4.0,2016,2016-06-10,Errore
3lxOJGFgZ5VBsh3ywOlcX1,Rep Wit Me,That 909 Shit!,6yXmGB8OsQob4H3YzHW40V,['Mr. Cas'],['5qjArcEUqlP1NDua7vlCSv'],17,1,False,0.877,0.705,7,-6.061,1,0.212,0.493,0.0,0.0729,0.5329999999999999,89.962,172733,4.0,2004,2004-05-20,Errore
0B12mz63geRWqQur4XvdZn,Rock of Ages,Acapella Hymns,2Cedx5QpLOJvFsVuMBbwAl,['Glad'],['4rhwll8EPEHOW8diluKlrZ'],4,1,False,0.32,0.0805,5,-16.924,1,0.0299,0.847,0.0,0.134,0.211,70.524,182133,3.0,1993,1993,Errore
7xv9P5jxmsyJW87cP7IK0s,I Wonder as I Wander,Christmas Presence,0zpkwbJC3qxr0NrAqY1AJl,['Ann Sweeten'],['6EByiuiE0MP5cwURNGSQXU'],10,1,False,0.419,0.0877,7,-20.969,0,0.0493,0.983,0.941,0.106,0.0776,77.4,148360,1.0,2001,2001-01-01,Errore
03Btlwy12fWBJ0UKWMnYbA,Carnival of the Animals: XIII. Le Cygne (The Swan) (arr. A. Siloti),If I Were a Bird,5Hpkv4MFs7vGUCdAzHMH63,"['Alexander Siloti', 'Camille Saint-SaÃ«ns', 'Michael Lewin']","['5XZeeyN32bUVpJB7chM6fL', '436sYg6CZhNefQJogaXeK0', '7MdDXjNyzJULu0Osh4sOPh']",15,1,False,0.28,0.0414,9,-23.427,0,0.037,0.994,0.883,0.08,0.0877,66.288,171360,5.0,2011,2011-02-01,Errore
09yDX2BZLGaLnztkZ0hRdr,The Eve Of The War,Highlights from Jeff Wayne's Musical Version of The War of The Worlds,4g1iopKeyhjN1a9bgpa4GD,['Jeff Wayne'],['5bpiFjU6CnEErF1C8gBqvG'],1,1,False,0.416,0.6629999999999999,2,-6.319,0,0.069,0.132,0.0189,0.291,0.409,126.661,304227,4.0,1978,1978-06-12,"['Soundtrack', 'Symphonic Rock', 'Progressive rock', 'musical', 'rock opera', '70s', 'rock', 'prog rock', 'jeff wayne', 'instrumental', 'panflute', 'War of the Worlds', 'blitz playlist', 'several moods', 'electronic', '80s', 'spacey', 'war', 'top 40', 'that horrific guilty pleasure you tell nobody about', 'justin hayward', 'the chances of anything coming from mars are a million to one they said', 'classic rock', 'vocal', 'jazz', 'pop', 'classic', 'british', 'experimental', 'prog', 'energy', 'acoustic', 'Fusion', 'fantastic', 'beautiful', 'krautrock', 'guitar', 'electric guitar', 'orchestral', 'lounge', 'synth', 'violin', 'england', 'atmospheric', 'haunting', 'space', 'spoken word', 'art rock', 'Progressive', 'literate', 'oldies', '1978', 'scifi', 'Pink Floyd', 'roots', 'relaxing', 'Psychedelic Rock', 'male vocalist', 'harmony', 'home', '4', 'sci-fi', 'Ulla', 'space disco', 'best', 'Favourites', 'brilliant', 'english', 'harmonies', 'yes', 'genesis', 'story', 'apocalyptic', 'november', 'eclectonia', 'all the best', 'all in a day', 'movie soundtrack', 'music to have on', 'fout', 'music', 'ace', 'concept album', 'takes me back', 'battle', 'stereo', 'The Zombies', 'SuperTramp', 'sf', 'whistles', 'analogue', 'Analog', 'Fabulous', 'golden oldies', 'top 2000', 'Play this loud enough to raise the dead', 'disco rock', 'tontonka', ""70's"", 'audio play']"
3vZk8a6PHSDf2FZpiHFbpz,Queen of the Forest,Ted Nugent,71SdSYZuuy7fCWbx0iqtac,['Ted Nugent'],['21ysNsPzHdqYN2fQ75ZswG'],9,1,False,0.528,0.883,9,-5.2010000000000005,1,0.0537,0.0162,0.00604,0.0911,0.7490000000000001,143.804,215467,4.0,1975,1975,"['hard rock', 'classic rock', '70s', 'rock', 'heavy metal', '70s hard rock', 'classic hard rock', 'classic metal', 'Ted Nugent', '70s heavy metal', 'classic heavy metal', 'Radiotsar approved', 'Lauf']"
73pXpvouQlJfK9ig1hC3Qy,"Oh, The Places You Will Go",The Exploration of Dangerous Places,5yjjd5JUeib7UcchGr7JUC,['Jonah Knight'],['0GGnPjQDvcjVwPVYHZcnCp'],8,1,False,0.499,0.3670000000000001,0,-11.372,1,0.0317,0.57,0.19,0.129,0.44,78.533,252787,4.0,2010,2010-11-01,Errore
5HewvFGUaRtNQE7hryyKG3,Stanley's Jam - Live,Byrd Lives,6tJ20PqtdhHkUkMQfmIl4e,['Professor Longhair'],['2RyY5yFlJh6jIPfMDhHgyD'],14,2,False,0.501,0.524,0,-16.024,1,0.0308,0.8340000000000001,0.789,0.376,0.857,144.584,369667,1.0,1998,1998-01-01,Errore
2kDDcmnVJnq0bD06MPzt3j,LÃ³gos,LÃ³gos,50ymvLZKKjwpANkiMd25ll,"['Nill', 'O Adotado']","['2Ig1qV7rQGQtBWKa8mynIl', '1EsZEQYqVGP7k7AhYkTEBa']",1,1,True,0.71,0.7190000000000001,10,-7.138999999999999,0,0.0349,0.1119999999999999,0.0255,0.11,0.331,99.991,148819,4.0,2019,2019-08-22,Errore
7ghsY5DpygfwVc48rBmN4u,La Hora del Matarife,Los Veteranos,79xVsg1JPIqvQE0exEly78,['SFDK'],['56n1NeXsTOOxjX3Z4lVMTJ'],9,1,False,0.778,0.5770000000000001,6,-9.309,1,0.4639999999999999,0.264,0.0,0.0855,0.675,86.639,247153,4.0,2007,2007-03-21,"['spanish hip-hop', 'Hip-Hop', 'lagrima escocndida']"
6gXRalQqYZN2ppTzxmUSFO,A Happy Ending,The Witches of Venice,1n8ebPtgKUh4UhVZfq3Hi6,['Philip Glass'],['69lxxQvsfAIoQbB20bEPFC'],23,1,False,0.161,0.4579999999999999,5,-13.407,1,0.0386,0.00212,0.00129,0.1169999999999999,0.0359,108.03,273080,5.0,2007,2007-08-15,Errore
0U7O9MwVsO5dYa4qKR7QEr,You Are So Beautiful,16 Biggest Hits,3YD1UC4LwnmtJoJMxrWWKx,['Tanya Tucker'],['7dmeVSH4lJqxXU7C87dKIB'],13,1,False,0.33,0.221,2,-14.143,1,0.0291,0.4429999999999999,8.640000000000001e-05,0.317,0.126,114.13,164160,4.0,1972,1972,"['pop', 'country', '70s', 'cover', 'Ballad', '1977', 'billy preston cover']"
3GDCAHOY4DQK7cvALiQIrO,Bottle in My Hand,Mourning Night and Day,0xbyQgNNbfJKJfYERoHv93,['James R. Gray'],['5eba3O5ZIyD0w73WlqkD5e'],7,1,False,0.672,0.677,2,-10.593,0,0.0287,0.0272,0.0832,0.365,0.7340000000000001,131.911,217352,4.0,2017,2017-03-01,Errore
5W56dTV2GAHAdIwlLZqPij,Sugar High,Begging for More,5WGMsGOVD8qQN2XhbRhgTi,['The Reputations'],['0Jp3wJhS0aL87PXnx25SHs'],4,1,False,0.655,0.8079999999999999,0,-5.6720000000000015,1,0.0294,0.0532,5.51e-05,0.0794,0.97,135.115,186989,4.0,2017,2017-03-07,['sxsw 2017']
1wlBHHeaBtPvrSYVi6JmX0,Shadow,Shadow,55Ud5wExpd0iZbpTT7i8qT,['Zoe Boekbinder'],['5WDhdWVcgfQkhgxka9j119'],2,1,False,0.206,0.263,0,-16.012,1,0.0382,0.877,0.4039999999999999,0.104,0.201,63.545,212847,4.0,2018,2018-11-27,Errore
5wupsATRgIf0WGw1j7pKnW,Remember,The Mystery,5g3O7qbsmj0qMYd8oYRMHC,['Smith & Dragoman'],['1z60bdY5usPs3I9ziQfXu4'],7,1,False,0.342,0.305,10,-13.689,1,0.0281,0.606,0.000308,0.125,0.1169999999999999,75.972,278545,4.0,2012,2012-08-09,Errore
5vYeOvi8aIZB8A7yizIm0P,That's Who I Am Instrumental,This One's For You,2F8IxZiRnTzmXWeeOw25j1,['Jonnie and Brookie'],['4RHnlxSFrHnx2gRMvpUAM8'],9,1,False,0.421,0.888,2,-5.549,1,0.0374,0.000342,0.498,0.359,0.5760000000000001,197.972,230560,4.0,2009,2009-11-21,Errore
7DomebHgQl48t1SUWR0Ed8,Magnussen,Sherlock: Music from Series 3 (Original Television Soundtrack),31KtYXZlTaCO4ZkPWPcmbt,"['David Arnold', 'Michael Price']","['0mCdmt2O8dd8jJWv7m24EE', '6Ie1HZJ0vFXxxogMhPnZcg']",15,1,False,0.171,0.109,0,-16.974,1,0.0304,0.667,0.722,0.32,0.043,169.419,213544,4.0,2014,2014-03-04,Errore
1amrlZZfApwcJ8pmQBg5Vi,One,Saroos,5p5pLndZ43efZmpa9JuCvv,['Saroos'],['2RgEQXQ9YF6fC40rfMeAaI'],9,1,False,0.763,0.61,0,-9.963,1,0.088,0.2,0.569,0.257,0.852,152.197,255720,4.0,2006,2006-10-27,"['clinically romantic', 'numbered according to stretchead', 'loved according to stretchead']"
51t5NwwAE2RFQNq8wqsQmV,A Prayer,A Prayer,0riv3otPvGqZHQEI50kCih,['Kristina Sablan'],['0w5f5LnQT37kpR5MLyhe84'],2,1,False,0.456,0.409,1,-5.711,0,0.025,0.36,0.0,0.105,0.174,93.555,330160,4.0,2008,2008-10-08,Errore
0s84XrdRIdsO3Ihl4XKdVS,The Sexual Politics Of Me,Chris Lee,23kDES68Fj9DgC1pNvcTyh,['Chris Lee'],['6R3ry4a44N0sQnNpEPXPmj'],2,1,False,0.335,0.87,0,-5.122000000000001,1,0.0477,0.0213,2.27e-06,0.0828,0.575,130.881,166973,5.0,2000,2000,['for shanny']
5T82P6VprrM4Adj0KYx2a5,Vamzer,C.A.F.B.,2MghHtSHBvtyPjakzyGpOM,['C.A.F.B.'],['2kJtB7FrlO9iRppC44Eyva'],13,1,False,0.465,0.996,7,-3.4960000000000004,1,0.132,0.000411,0.0,0.319,0.174,92.953,101208,4.0,2017,2017-11-07,Errore
1WlxlMQuTXypFv4Xf6mGCk,"Mitridate, re di Ponto, K. 87, Act II, Scene 3: âEccomi aâ cenni tuoiâ (Recitative)","Mozart: Mitridate, Re Di Ponto",6ybMbHih2T7xui57BkIa7S,"['Wolfgang Amadeus Mozart', 'Miah Persson', 'Barry Banks', 'Ian Page', 'The Mozartists']","['4NJhFmfw43RLBLjQvxDuRS', '3hcyVVem6bxNJH1gx2Ww5F', '4gRhiYDhFnnY0kZTySVkEI', '7J8ekDilgXDol4tOYjvI2r', '4GgqgqnUX1h8fC5Uyr9BH3']",4,2,False,0.569,0.0646,6,-26.482,0,0.35,0.879,0.0,0.222,0.238,137.601,125587,3.0,2014,2014-10-13,Errore
29jRlthfbV4FUN6r3DakH0,Rainproof,The Company I Keep,5Q8f0rjv0A9erqoNBdx9Gc,"['Mark Winkler', 'Sara Gazarek']","['761zuGWLesLMv5B6HhbSHS', '7JAxSqDybAiZCDoqJ1R1fc']",9,1,False,0.5429999999999999,0.2689999999999999,0,-12.657,1,0.0369,0.871,5.22e-05,0.0889,0.379,112.748,320880,4.0,2017,2017-05-01,Errore
6XfPnZFF549QsGlWkxkEP8,Say Yer Sorry,Out With the Crow,1nbXKbgWArwy2KuLItW6qh,['The Haunted Windchimes'],['2f61F4arCAsrcU08xPxjV2'],8,1,False,0.701,0.55,0,-8.34,1,0.0347,0.7,4.94e-06,0.141,0.8029999999999999,114.573,129613,4.0,2012,2012-04-24,Errore
4HZInXQ292eOBIcC6WcluG,"Symphony No. 6 in B Minor, Op. 54: III. Presto",Shostakovich: Symphonies Nos. 6 & 12,2VZRO9sXXqpIJZeX0CwDyo,"['Dmitri Shostakovich', 'Royal Liverpool Philharmonic Orchestra', 'Vasily Petrenko']","['6s1pCNXcbdtQJlsnM1hRIA', '6I6fmQU7HGrUsCm4B5Nlk3', '6H9eOWeGZkU9alBUYqNR7Q']",3,1,False,0.371,0.184,0,-22.124,1,0.073,0.8440000000000001,0.607,0.3329999999999999,0.357,151.417,437240,4.0,2011,2011-10-04,Errore
3cC0xSoBvNVx5xssP3jTCJ,"2 Romanian Rhapsodies, Op. 11: Romanian Rhapsody No. 2 in D Major",Bartok: Hungarian Pictures / Weiner: Hungarian Folkdance / Enescu: Romanian Rhapsodies,0ImZ5ROxZ2a0VlEo4QzzKx,"['George Enescu', 'Royal Scottish National Orchestra', 'Neeme JÃ¤rvi']","['7KKscZTeDLz1g0QthWCMQV', '5xBSsPfZtPItmn72C2EHVf', '5UHZvYJA0aPcJSLYkYAeps']",11,1,False,0.0792,0.1169999999999999,2,-19.327,1,0.0416,0.957,0.907,0.0612,0.0388,62.823,706680,3.0,1991,1991-07-01,Errore
4XF42H6o4upnlLrRop3a37,Roll On,Karen Son,0dlznb8SQaE4kxk5v0KF8K,"['Freezie Da Iceman', 'Gank Gaank']","['2XmtHlAL6gzxca8QWL2WXk', '6oSxt5PKotmgf7XywZ7c4I']",2,1,True,0.484,0.512,8,-8.202,1,0.345,0.128,0.0,0.0793,0.144,179.984,203599,4.0,2020,2020-11-26,Errore
6QsmAgHdV1WL6wmUTXAKQs,One Problem At a Time,Halo Wars (Original Soundtrack),6SBNiejyh67pYM1wJxqrM1,['Stephen Rippy'],['7q07gjcF7sg6LMZKvp1TRZ'],18,1,False,0.22,0.152,4,-15.467,0,0.0383,0.711,0.894,0.221,0.105,111.374,74347,4.0,2009,2009-02-17,"['instrumental', 'unsc']"
24rVIYlMXHVf0jvpEojKfL,Way Of Life,Lonesome Way To Go,5KlpidRIvU2S0dQkSVewPg,['Spring Creek'],['3LyQ9aDH7Id4t7SqAEaxfn'],12,1,False,0.402,0.529,7,-9.412,1,0.0359,0.7120000000000001,0.00323,0.12,0.644,189.095,258267,4.0,2008,2008-05-12,Errore
5CJRdmIqG4F1GPRrwg75de,Alison Cross,Pagan Folk Against Fascism,2riq1ag2fWrV8Oo1hcke8y,['Mad Magdalen'],['4hmRtLnbNn1Ym44IfQNT9x'],10,1,False,0.624,0.262,9,-12.572,0,0.0471,0.888,0.0,0.157,0.7390000000000001,113.476,247253,4.0,2010,2010-01-05,Errore
5a3X11P31Pviy4Wnk0c02Q,"10.05PM Session, Pt. 01 - Live at Elbphilharmonie, Hamburg","The Sessions III (Live at Elbphilharmonie, Hamburg + VolksbÃ¼hne, Berlin)",4YXnMm3fE5T05oAlbZFVao,['Tangerine Dream'],['1BGN1IdyiSR0ZYrkoKNchl'],1,1,False,0.159,0.134,11,-22.803,1,0.0428,0.748,0.94,0.38,0.0248,71.46,331591,4.0,2018,2018-08-20,Errore
04fNF34XPn24zN89INs2sB,Souls Tribulation,Souls Tribulation,4V8QFWegoYcYD0tgtigD3V,['Nocturnal Graves'],['5fIJRhNbLYysT9YiOY7O9G'],1,1,False,0.381,0.84,1,-6.551,1,0.0502,1.27e-06,0.873,0.113,0.27,110.133,221738,4.0,2018,2018-04-20,Errore
1zMFQmeaIyS5LN5pIaVTdt,"Piano Sonata No. 1, Op. 1 in C: Finale: Allegro con fuoco",Brahms: Piano Concerto No. 2; Piano Sonata No. 1,0TGlmHPhCoLAgkLnaqbZgv,"['Johannes Brahms', 'Sviatoslav Richter']","['5wTAi7QkpP6kp8a54lmTOq', '4hBgCK8FyJ5bV36ZZLB56X']",8,1,False,0.444,0.165,0,-19.036,1,0.053,0.983,0.905,0.127,0.0873,97.866,434200,4.0,2004,2004-07-09,Errore
0i0NyftpJs1MMac4zVoYgA,"Sonata in G Major, K. 260 (L. 124) - Instrumental",Horowitz: The Celebrated Scarlatti Recordings - Expanded Edition,6PFRMushV9bPOY3BdwWOvg,"['Domenico Scarlatti', 'Vladimir Horowitz']","['0mFblCBw0GcoY7zY1P8tzE', '4Ws5hSoABAwvGJ4LhHwHgq']",20,1,False,0.26,0.165,7,-21.227,1,0.0396,0.993,0.904,0.144,0.312,106.111,257840,4.0,1964,1964,Errore
4wI987riFR7f7D9YR0hefP,Beziehungsohr - Subheim Remix,"One Step Back, Two Steps Forward",7gBd6bFKYnfUF1w6sDTwCo,['Klangstabil'],['1vprihttOzgoMYRe9gSBCC'],10,2,False,0.5670000000000001,0.804,2,-7.907,0,0.0664,0.0455,0.688,0.331,0.196,120.063,288500,4.0,2015,2015-04-21,Errore
1v5MhPugurq69iekso1ojw,Overreacting,Original Spin,0Xw8WpKBTYqiPCLk9YXjkJ,['Hookslide'],['2p6i9QjFA1hIaKvYu5US5y'],11,1,False,0.648,0.736,11,-8.311,1,0.107,0.352,0.0,0.2239999999999999,0.888,116.126,162053,4.0,2002,2002-01-01,Errore
62Qola0FNK3luXwZG910xx,"4 Etudes, Op. 44: Etude In G Flat Major, Op. 44, No. 1",Felix Blumenfeld: Complete Piano Etudes,1tGsyejedwHohFYLfjec8j,"['Felix Blumenfeld', 'Daniel Blumenthal']","['1Zfx7fd8bBriZurkfPe9aF', '0Ks41NxSMIGc9jdSGVELba']",13,1,False,0.168,0.165,6,-21.612,1,0.0335,0.984,0.774,0.103,0.1689999999999999,83.432,100000,4.0,1994,1994-09-01,Errore
7qlCR4Y82KHiPy02IGlbkB,U Stank (feat. George Clinton & Baby DC),Chase the Cat,0a4n8n8oRZoHe9ofbdDgmG,"['Too $hort', 'George Clinton', 'Baby DC']","['4sb7rZNN93BSS6Gqgepo4v', '2GVBp7QyHckoOg7rYkLvrA', '2sUpTsc8ytCHAmSTzaq8tP']",16,1,True,0.6829999999999999,0.5870000000000001,1,-5.444,1,0.416,0.0586,0.0,0.909,0.607,127.239,356933,5.0,2001,2001-11-08,Errore
2jynnmtpPiHr54njyP5Bt3,New York - Instrumental,Little Women Soundtrack,0Ug5EnJH0wl1DFPC8HAtpK,['Thomas Newman'],['1csBgT42N4pPPs1HJhxXIK'],11,1,False,0.207,0.0443,0,-23.977,1,0.0401,0.924,0.312,0.0969999999999999,0.0766,98.793,135160,3.0,1995,1995-01-10,Errore
7xe0T7TV1u1L2in9WKQyDJ,The Future Must Be Met,Acheron,47OJFqgnW5FXURofJjrNlo,['Mechina'],['056E4z3dLY3NlRs1w0YW5y'],11,1,False,0.1009999999999999,0.168,8,-16.055,0,0.0385,0.6709999999999999,0.96,0.144,0.0342,68.233,268822,4.0,2015,2015-03-22,Errore
1lXcJW04PlFJyM54XULY5i,My Survival,Spies Of Life,4lcZsQO4rbnI1Es1JTa1so,['Player'],['0fgtHVpOPfXb07S8Jx443z'],8,1,False,0.252,0.623,5,-8.725,1,0.0347,0.033,0.0,0.288,0.351,144.162,275801,4.0,1982,1982,['west coast']
4jpUtugSyMXbVW8C5HcC15,"Concrete Rose, Pt. 2",Dalila,1ODdTubQowYRjIGmIiJznz,['J. Ghost'],['3KH8IYBKnmZe25AUzytang'],3,2,True,0.675,0.516,3,-11.341,0,0.062,0.276,5.07e-05,0.114,0.316,139.884,274692,4.0,2020,2020-08-10,Errore
4oB7M98Ds2E5K5hoCoiZvo,Greedy Fly,Razorblade Suitcase (In Addition),5nLESM0i6o7nWCyu7FAeb9,['Bush'],['78SHxLdtysAXgywQ4vE0Oa'],2,1,False,0.451,0.74,8,-7.81,1,0.0421,0.0333,0.012,0.059,0.293,112.933,269533,4.0,2014,2014,"['Grunge', 'rock', 'alternative', 'alternative rock', '90s', 'bush', 'heard on Pandora', 'post-grunge', 'british', 'favorites', 'indie rock', '90s Rock', '90s alternative', 'indie', 'sad', 'beautiful', 'chillout', 'seen live', 'hard rock', 'easy listening', 'High School', 'Favourites', 'alt rock', 'animals', 'Singing', '1997', 'extensive vamping', 'repetitive melodic phrasing', 'my music', 'Post Grunge', '90z', '90s classics', 'alternative top', 'greedy fly', 'classic rock', 'chill', 'punk', 'favorite songs', 'heavy', 'indie pop', 'post-rock', 'singer-songwriter', 'UK', 'electro', 'pop rock', 'memories', 'slow', 'britpop', 'Awesome', 'guitar', 'thoughtful', 'hiphop', 'Mellow', 'punk rock', 'amazing', 'melancholic', 'loved', 'Rock and Roll', 'british invasion', ""90's"", 'Favorite', 'heart', 'tagged', 'english', 'try out', 'deviant', 'classics', 'boys', '4 Stars', '1990s', '10 of 10 stars', 'altrock', 'british artist', 'a distinctive male lead vocal', 'mine', 'creepy', 'tool', 'collection', 'favourite albums', 'Brit', 'eddie', 'Michigan', 'good music', 'minor key', 'Grunge Rock', 'Britrock', 'sing out loud', 'hard rock roots', 'iTunes', 'gavin rossdale', 'a vocal-centric aesthetic', 'great guitar', 'breakup music', 'best of 1996', 'scanner', 'gives me chills', 'Time Machine', 'lucipro', 'so sad', 'The Feeling']"
5MzitOXmVnbW6tB1sIqUI0,Sight and Sound,Mollie's Mix,5Q8gYIQg0AxTGEAQYLTZAy,['The Lies'],['4OBxwdZWShtbSWyN0SDx7C'],10,1,False,0.275,0.569,7,-6.547999999999999,1,0.0298,0.409,0.31,0.2319999999999999,0.196,104.057,189027,4.0,2003,2003-01-21,Errore
5DSfQ72BIVIJQKMURQxjc6,"Flute Sonata in D Major, Op. 50: II. Andante",Hummel: Flute Sonatas / Flute Trio / Grand Rondeau Brillant,6pA5BBljJCvAIfV4xjZ19J,"['Johann Nepomuk Hummel', 'Lise Daoust', 'Carmen Picard']","['0WiK9IsQEQEuIQ1iDxvuPg', '1KzVuunDov6L6iUP9L63Ku', '6KcII9VB9WFKHVxHTFeveB']",5,1,False,0.293,0.0203,2,-24.195,0,0.0472,0.992,0.8,0.1009999999999999,0.172,75.77,163067,4.0,1996,1996-05-20,Errore
3IsGy9Qp4ckLUxCF9WtRsa,Ceaseless Voice,Un-Folding Fifth,1lUrdo9RSK0VaFdRNVgWNj,['Rada'],['77C3owGTFPmigDDIpQLoiF'],4,1,False,0.396,0.244,2,-15.193,0,0.0524,0.965,0.943,0.115,0.503,92.878,225813,4.0,2007,2007-11-07,['ajpasatambient']
4tXhziu2daOzma75oc6lLw,Dice La Nuestra Novia,Ladino Love Songs,6E3vvMs2HGTneNw330OlVO,['Etty Ben-Zaken'],['2y41IGzuLSRdJPp5QdnTZM'],17,1,False,0.583,0.43,3,-12.472,1,0.268,0.978,0.21,0.19,0.8390000000000001,135.632,245827,4.0,1999,1999,Errore
1n3Vf3oQVlGRidlxJs1Vyf,Numeral,Breaker,5njSnlp1DfxYQkkSUlZSld,"['Yimino', 'Baccara Smart', 'Ed Roughton']","['4ZfR36H0qPMwB77F0bjIyF', '7wouHjpSahd2VRdcRwlRzR', '5bFWwkTHVnvWaUcNS6hgL5']",8,1,False,0.574,0.476,1,-10.742,1,0.0497,0.177,0.923,0.3720000000000001,0.163,79.986,385500,4.0,2010,2010-09-27,Errore
4DuyN8BsQ14QRYt3YpxkgR,Before,Behemoth,1DPD8V7V00fadlZjr6ORRh,['Dez + Nobs'],['5pYI0hTz8Nc2QU2HN0CIPA'],7,1,False,0.759,0.693,0,-5.475,1,0.168,0.499,0.0268,0.8009999999999999,0.873,110.886,77907,4.0,2006,2006-05-30,Errore
3Q45L54UlvEFDQBNlfMZXZ,Sisters of Perpetual Curiosity,"Needle, Feather, and a Rope",6n3jk7oRHimkviJdK2M6Op,['Blind Willies'],['6OjDtZCcPnsMjKpUC0kSL2'],11,1,False,0.358,0.523,4,-7.152,1,0.0302,0.534,1.4e-05,0.145,0.395,106.768,236560,4.0,2011,2011-04-01,Errore
3kbTzQW5JOdFkzap3gM0kz,I Get a Kick Out of You,Earl Hines Plays Cole Porter,2b0AAJH5Vns0sOp2wW8FYW,['Earl Hines'],['2mY5u4CceAPrpBnse1WpFr'],5,1,False,0.382,0.154,0,-18.845,0,0.0454,0.98,0.846,0.14,0.693,90.782,251773,4.0,1996,1996-01-01,Errore
2A5a9SwmxLhlyrdmUuqgN5,Ajai Epilogue [dub],Kenstrumentals Vol. 4: a lot on my plate,1Wbg4zI4RA2N6Fg54RiddG,['Kenny Segal'],['13vr2QqzoWOWDyaAZDuEGO'],14,1,False,0.45,0.473,7,-7.87,1,0.0646,0.00252,0.878,0.161,0.141,88.021,226359,4.0,2020,2020-10-16,Errore
7vWCm2wJpXirqrNtMrbR9f,Dark Wind of Missouri,A Few Words: The Best of the Originals,7EDK8gLhNNb9eNXAnMNIfm,['Chris Jones & The Night Drivers'],['1B6YLr705p5ddQ3ZjMPf9H'],1,1,False,0.488,0.598,9,-7.362999999999999,1,0.0347,0.7390000000000001,0.0779,0.3379999999999999,0.86,197.34,169493,4.0,2002,2002,Errore
3CPLqll6KRXBUN8KYUKsgr,Scorch,Galactic Caravan,4si1CP8SPxpozv6txM3hr5,['Transglobal Underground'],['1J3SQiv951KEbTdyDHFWVQ'],7,1,False,0.6609999999999999,0.913,0,-7.001,1,0.0413,0.0853,0.0713,0.311,0.6859999999999999,125.948,300907,4.0,2001,2001,"['world', 'world fusion', 'funky', 'dance', 'upbeat', 'electronic', 'new age', 'World Music', 'Indian Fusion', 'Transglobal Underground', 'UK', 'groovy', 'bujamsie', 'world dance', 'qko', 'funk lift off', 'tiffburns', 'upti', 'club e', 'spec2']"
4Jh7wlL4Sz5pM4xQgbK9IH,Mischief Managed,"Head, Heart and Love",05IICj4Dqbar9Y7JSX1YZ4,['Caleb Ryan'],['2nbuJnmdQnOF9azfEAeDJ0'],4,1,False,0.626,0.203,7,-13.922,1,0.0435,0.841,0.0,0.0705,0.302,119.794,281658,4.0,2014,2014-03-27,Errore
4t85wNnjXgPr9TOzhSlg5V,Of His Eyes the Peace V,The Enigma V (Masterminds),1IfZZyiYhtOhZKToHpHd3T,['Shinnobu'],['2TRJhagEQptcZTpMkZKqbI'],1,1,False,0.642,0.33,4,-16.340999999999998,0,0.0319,0.618,0.92,0.316,0.297,95.512,425140,4.0,2018,2018-05-09,"['flute', 'chant', 'enigmatic', 'gregorian chant']"
3l9lg4u2NtE4fjkgkwMF3y,Adam Lay Ybounden,Christmas on Fifth Avenue,4QOS9pCtEhb4gDMu9z5Zo4,"['Boris Ord', 'Choir of Saint Thomas Church New York', 'John Scott']","['6HWTGBazaK8i89CmozJNEr', '3leLYfqbJrgamxi7T7OFye', '5kcQ9Unglia5GTp5NESsWh']",5,1,False,0.225,0.211,2,-21.426,1,0.044,0.992,6.92e-05,0.261,0.222,110.244,78440,5.0,2019,2019-09-06,Errore
11oE8hQfdlVIKjYLY2FI6D,trouble,este mundo,6VvPiKKBOG2puUnWtuRU1Q,['Rupa & the April Fishes'],['6hAvtNB73RIJEbTl7HeKR8'],13,1,False,0.605,0.449,4,-7.5,0,0.0901,0.718,8.17e-06,0.108,0.452,125.127,254613,4.0,2009,2009-10-27,Errore
4UBtcVanNAznLxqOQYWzC0,"La bonne chanson, Op. 61 : Donc, ce sera par un clair jour dâÃ©tÃ©",Illuminations,0VnGeC1HCGvqBOa4duHxHr,"['Gabriel FaurÃ©', 'Nicholas Phan', 'Myra Huang', 'The Knights']","['2gClsBep1tt1rv1CN210SO', '20xHZmbKTXuhSVeg20OdJb', '7n9rNYli7rjroQINsQgVJV', '3pZzcGCvhNTv3yoWmrXGNm']",7,1,False,0.27,0.105,10,-14.852,1,0.042,0.979,0.0102,0.1119999999999999,0.0489,69.167,162509,4.0,2018,2018-04-20,Errore
68czBLFfpGBGS6zqquBMfI,Allies,Gaia,5UjKvM7IUVbF3aIJWOpjJv,['Agnus Dei'],['0djC4GZrzBXBsGdV4EEryh'],3,1,False,0.498,0.629,1,-11.989,1,0.0396,0.88,0.818,0.1,0.544,75.014,235720,4.0,2004,2004-01-01,Errore
3L60Vu9qmY6fg2QroRIxgi,Cry Baby,Pearl (Legacy Edition),3j7nicLAWXM0Fb08q9XGyf,['Janis Joplin'],['4NgfOZCL9Ml67xzM0xzIvC'],2,1,False,0.474,0.418,0,-9.654,1,0.03,0.515,0.000342,0.0535,0.504,83.18,238600,3.0,1971,1971-01-11,"['classic rock', 'female vocalists', 'blues', 'rock', '60s', 'Janis Joplin', 'blues rock', '70s', 'hippie', 'soul', 'psychedelic', 'oldies', 'female vocalist', 'Psychedelic Rock', 'singer-songwriter', 'american', 'cry baby', 'woodstock', 'legend', 'classic', 'blues-rock', 'janis', 'female', 'Love', 'soulful voice', 'favorites', 'Rock  Roll', 'female vocals', '1971', 'pop', 'folk', 'USA', 'beautiful', 'emotional', 'melancholic', ""60's"", 'Flower Power', 'strings organs rubber wind', 'pearl', 'Great Classics', 'legend rock', 'Joplin', 'livin out the trip', 'slgdmtopalbums', 'bros be trippin', 'chill', '80s', 'alternative', 'sad', 'memories', 'cover', 'Favorite Artists', 'old school', 'folk rock', 'soulful', 'Southern Rock', 'female artists', 'best', 'Favourites', '9 of 10 stars', 'love song', 'ballads', 'Feeling Blue', 'great vocals', 'good ghosts from the past', 'love hurts', 'dead legends', 'lovely vocals', 'favorites songs', 'great woman', 'slgdm', 'JTMlate60s', 'rolling stones etc', 'janis- cry baby']"
1KPsdiKVY0ffbgpICYoee6,Why I Wait,Why I Wait,2I7UK0wK58Whl0f01cduTp,['Kitten'],['4zHX9zUUtxUw898g1GyihC'],1,1,False,0.4579999999999999,0.473,9,-9.527,0,0.0372,0.2319999999999999,0.00919,0.0976,0.109,135.942,307027,4.0,2014,2014-04-29,"['Night Music', 'chill music']"
0jGd0wXi88FOtStj20sdMM,Tiger (Live),Comfort in Doubt,4qjQ4M2K2rXNlYXhNaBEN5,['Sama Dams'],['0btlGzLF08kXrEE9hfh250'],9,1,False,0.246,0.614,4,-9.53,0,0.0539,0.0121,0.0261,0.7240000000000001,0.0533,83.915,504096,4.0,2016,2016-04-15,Errore
2HU5nwxT6fKQBecxrSsJxf,Coronation of Our Domain,Conquering South America,6oyyWDMBS78t1hZLYXIrwQ,['Malevolent Creation'],['1NrkyGnaWUYV1hLP74pp6X'],9,1,False,0.244,0.911,1,-3.935,1,0.103,6.24e-05,0.0273,0.522,0.276,169.044,320840,4.0,2007,2007-09-18,"['death metal', 'old school death metal', 'Extreme', 'metal', 'seen live', 'classic', 'Awesome', 'thrash metal', 'Masterpiece', 'Brutal Death Metal', 'heavy as fuck', 'extreme death metal', 'rifftastic', 'Corona', 'so fucking heavy']"
3SGlDquZ12ZSzohe02P0In,She told him you're a good man,Main Street,09DsAqo3GTjo6y8Ov1ZIPG,['Kevn Kinney'],['5eI1JyLzzF2GCS6DfRSxq3'],4,1,False,0.493,0.748,2,-6.436,1,0.0421,0.3329999999999999,8.950000000000001e-05,0.168,0.728,168.734,257280,4.0,2000,2000,Errore
2WNTofqpbjAKSlmMq98OaD,"Concerto Grosso in D Minor, Op. 3, No. 4: II. Allegro","Geminiani: Concerti Grossi, Vol. 1",3XnnhJfcNQVPU5roH46Lyo,"['Francesco Geminiani', 'Capella Istropolitana', 'Jaroslav Krcek']","['4Vn6axeFKEaPRH1sI7JVKj', '3COykW4UPvB0DqwnzlnfWt', '3Ani6Kn174IpdoGePSMFbk']",36,1,False,0.556,0.361,2,-16.031,0,0.0351,0.921,0.949,0.489,0.655,104.875,80493,1.0,1997,1997-02-04,Errore
30VGvdEZp8lOpcSpiZCI1y,Salvation Armani,Stratospheric Dreams,0ISstEStM0Ma5GqMFs31vL,['The Parallelograms'],['4XQqhznS4dbzRUoLB9MtPV'],7,1,False,0.664,0.7959999999999999,10,-3.276,1,0.025,0.019,0.00341,0.322,0.836,105.029,251933,4.0,2013,2013-09-30,Errore
1FmyeFc6ExcC42N5Zeq8qv,Team,Team,7IxzphhnmHYF191cz235TE,"['B3RROR', 'Axollo']","['5ZPOTkvjvSGqj6F8JTqd8m', '08DhNYXQjr5i8ZL041APOI']",1,1,True,0.66,0.778,8,-3.927,1,0.0388,0.0101,0.191,0.14,0.4970000000000001,128.019,185625,4.0,2019,2019-05-24,Errore
4MAdqumvZOs3bz6fq7Uls7,Preface,LP1,070rEVRV6FWywkncMWLhs6,['FKA twigs'],['6nB0iY1cjSY1KyhYyuIIKH'],1,1,False,0.283,0.6559999999999999,1,-6.224,1,0.0513,0.5720000000000001,0.364,0.0545,0.039,110.536,106787,4.0,2014,2014-08-12,"['trip-hop', 'electronic', 'experimental', 'dream pop', 'art pop', 'female vocalists', 'trip hop', 'drone', 'alternative', 'ambient', 'downtempo', 'choral', 'Avant-Garde', 'glitch pop', '2014', 'alternative rnb', 'Deconstructed Club', 'noise', 'UK', 'industrial', 'chamber pop', 'idm', 'england', 'atmospheric', 'ethereal', 'darkwave', 'trippy', 'female vocalist', 'rhythm and blues', 'english', '2010s', '4 Stars', 'lush', 'United Kingdom', 'Avant Pop', 'Avant-Pop', 'best of 2014', '2 stars', 'prog-rnb', 'ambient RNB', 'suziko-rockwerchter', 'a nice intro for a nice album', 'alternative rhythm and blues', 'i love another and thus i hate myself', 'dream pop not hypnagogic pop']"
7CdySup9OS9itHaEBztbaK,Selfoss,Arabian Horse,6DdjglZhYEyj9azJTRiHex,['GusGus'],['5sL9uDMwceYHPknnCLAAwJ'],1,1,False,0.583,0.226,5,-14.45,0,0.0905,0.831,0.336,0.115,0.109,120.015,341083,4.0,2011,2011-05-23,"['House', 'electronic', 'folk', 'tech house', 'deep', 'amazing', 'deep house', 'mysterious', 'Ambient Techno', 'Eargasm', '4 Stars', 'accordion', 'fucking brilliant', 'why do I like this so much', 'part of this song is amazing and the other part is whatever', 'PUNISH ME', 'eletronic indie']"
0G00ZDkQ8a80JOhQHtWPOs,All About Love (First Impression),That's The Way Of The World,5tXZfxvr2VaWibD74nw8VL,"['Earth, Wind & Fire']",['4QQgXkCYTt3BlENzhyNETg'],4,1,False,0.335,0.412,9,-12.024,0,0.0414,0.753,0.00413,0.175,0.43,99.861,395400,3.0,1975,1975-03-15,Errore
6wemybWzlPv1b7FraZD8nH,Because We're Free (Reprise),Delicate Cages,7uzSUqqlAWLAbnvFgNBQlW,['Jon Brooks'],['4MFs7wOf1uoybe7yec34qX'],11,1,False,0.4589999999999999,0.0116,7,-25.448,1,0.0767,0.994,0.938,0.245,0.3429999999999999,116.032,128253,3.0,2011,2011-11-25,Errore
4KQDjXo0y8SplyapV1G9U8,Enron Hubbard,Hypnopedia,51UZ7NKyjnGMFreKPmUcOn,['The Nemesis Theory'],['12oyhkS4IBvjJssdFo4KK3'],10,1,False,0.217,0.902,9,-6.1320000000000014,0,0.0545,0.0226,7.049999999999999e-05,0.0793,0.126,112.069,277600,4.0,2006,2006-01-01,Errore
6OXhhwhbhakLCs18zDgFqf,Lil B.I.G.,777: The Resurrection,0CeUk9EEmIYBmrrNeDzSko,['Saigon'],['0mTfntDCCWRozUnyxpGf6E'],6,1,True,0.442,0.943,2,-2.1,1,0.3879999999999999,0.158,0.0,0.3229999999999999,0.5489999999999999,175.94799999999995,189346,4.0,2020,2020-08-28,Errore
2g9t3nG4L7zDAJsBWSS4FQ,Always a Bridesmaid,B Sides,7rH7tqnxAMOuu8tIN6BBjJ,['Mrs. Magician'],['7z1QgLoFoyVn2Ra22w8Wzo'],12,1,False,0.6509999999999999,0.937,7,-8.021,1,0.0895,0.0151,0.0733,0.391,0.469,100.851,191147,4.0,2013,2013-09-03,Errore
0h80pgbi0xTuiwVW8jtlHM,Dark Paths,Caje,46QBYuEqDuhG1lG4kCe8Db,['Caje'],['5jWoafOnbnoJkxTYKYr6SG'],2,1,False,0.546,0.89,5,-7.442,1,0.057,0.0219,0.131,0.134,0.5870000000000001,97.677,202520,4.0,2006,2006-02-14,Errore
0uLc33MBZcjczJHgyE4doe,Meditative Surroundings,Greedfall (Original Soundtrack),3neYnuuMnesv2tI7GqbntF,['Olivier Deriviere'],['2CXwRGFTYdcEAI44NT7qDR'],15,1,False,0.208,0.0845,7,-24.882,1,0.0413,0.623,0.863,0.111,0.0284,122.122,135960,3.0,2019,2019-09-09,Errore
5R67QuLkUTVxcJsZrgGO68,A New Sunrise,Territory 4,6y7uvi4AOYrJkwWl6kJm9w,['Theodore Ziras'],['2bQ05KlAru1EUIrKHx85Pr'],9,1,False,0.1889999999999999,0.984,0,-4.184,1,0.14,1.52e-05,0.83,0.0607,0.0958,116.304,328907,4.0,2009,2009-06-09,['guitar virtuoso']
1aEpimnhYWgykorDR3KnyG,"La Scusa, VB 43: Recitative: Placati, o pastorella","Kraus, J.M.: Primavera (La) / La Gelosia / La Scusa / La Pesca / Olympie",0AXNeUVDBq1m9yIcTaSc03,"['Joseph Martin Kraus', 'Simone Kermes', ""Arte del mondo, L'"", 'Werner Ehrhardt']","['5Sh5bcsXTZJZlRgIrK1NxW', '5YB96PPFR0dEMazdUzMJDb', '0pL5JMnVl2yLtYsTZVeHTS', '4WXwM0GBirDxTJA6zngdfz']",16,1,False,0.38,0.0183,0,-26.539,1,0.0474,0.962,0.0004379999999999,0.085,0.0808,115.652,210400,4.0,2008,2008-07-24,Errore
3NeLja7itrUQd4JjiktWwr,Ca$h,Nuages 2,0A8aVkzsfhR7JgMPkjxoCz,['RANO'],['0YDj58D0IF07EW77AvbZGf'],4,1,True,0.6779999999999999,0.483,11,-10.916,0,0.353,0.2769999999999999,0.0,0.124,0.449,76.293,217500,4.0,2020,2020-04-10,Errore
6Bxq8SBQ7g2qFwp4w2MvSj,Oh Come All Ye Faithful,Christmas Time,5xbuGtPWbgjL1lkTf5SfIG,['Eddy Arnold'],['5QsUbpxSE8lCZ5ga5rnD22'],11,1,False,0.402,0.284,1,-10.716,1,0.0252,0.4,0.000502,0.109,0.297,80.965,181093,4.0,1997,1997-10-07,Errore
1u8AOsilgflVoYLbu9qEyd,"No Tears, No Chains",Timeline,0IOKi7GWi1sDOnClR9RyIQ,['Donald MacNeill and Roberto Diana'],['7k4Rjg6JgrNmT6RnchN4JK'],3,1,False,0.547,0.44,3,-8.141,1,0.0329,0.866,0.000134,0.1159999999999999,0.1689999999999999,81.054,229320,4.0,2016,2016-06-30,Errore
30ssAaj0qfOoaKLPvCPcK4,Hiding My Heart,The Story & Cover Stories,1JUiwrGw7950O1zwfWILEX,['Adele'],['4dpARuHxo51G3z768sgnrY'],14,2,False,0.5660000000000001,0.2019999999999999,11,-10.602,1,0.0361,0.831,0.0,0.376,0.34,68.036,205373,4.0,2007,2007,"['soul', 'pop', 'british', 'cover', 'Adele', 'female vocalists', 'folk', 'nice instrument', 'heartbreakingly beautiful', 'el soundtrack de mi vida', 'songs that rip out my fucking heart', 'singer-songwriter', 'acoustic', 'live', 'heartbreak', 'heart', '8 of 10 stars', 'para cerrar los ojos', 'love hurts', 'makes me melancholic', 'beautifully covered', 'crying buckets', 'indie', 'vocal', 'downtempo', 'blues', 'beautiful', 'morning', 'r&b', 'covers', 'rnb', 'female vocalist', 'Great Covers', '00s', '2011', 'cover songs', 'love at first listen', 'makes me cry', 'so true', 'Masterpiece', '2010s', '6 of 10 stars', '21', 'simple', 'favorite track right now', 'cover me', 'brandi carlile', 'crying in the bathtub', 'shit i am in love again', 'love playlist', 'Qornsjtie Quorn-Thucydides fuck Qornz', 'was there another one saying this', 'love adele', 'CJL Original Library', 'Qornsvdhe Quorn-shutout fuck Qornz', 'Qornsjsje Quorn-lad are you from the med Qornz']"
4rltDjULnkf7UyuRmgtkK6,Prelude To A Kiss,Bennett Sings Ellington / Hot And Cool,7uRqIpnqW1nI0d3fkamMa9,['Tony Bennett'],['2lolQgalUvZDfp5vvVtTYV'],13,1,False,0.4270000000000001,0.0275,0,-24.996,1,0.0492,0.852,0.226,0.132,0.0722,108.333,295467,4.0,1999,1999-09-28,['pop']
1gdO8YVx32DJAsDxfO4Bn3,Magickon,ORO: Opus Primum,6hf462gZBiHy2igQj14agP,['Ufomammut'],['105vC0oJ985P5G3g36EosL'],4,1,False,0.3229999999999999,0.424,4,-10.73,1,0.0305,0.0141,0.877,0.195,0.0369,90.188,476693,4.0,2012,2012-04-17,"['stoner metal', 'metal', 'Stoner Rock', 'doom metal', 'Doom', 'Sludge', 'nomadic rituals', 'psychedelic sludge metal']"
0CY7cHwcJZzKlcK5EohrRu,Dream In Red,Revolution Road,1qQKFPvS2mFEsUjIqqmr2e,['Rocket Scientists'],['3cOczMBbwR9ANxjDHpnkBJ'],3,1,False,0.3939999999999999,0.727,2,-9.302,1,0.0363,0.0204,0.119,0.149,0.3779999999999999,172.155,391627,4.0,2006,2006-01-01,"['rock', 'Progressive rock', 'symphonic prog']"
57fdV5GzCVV7kDMCtdXZel,Bachelor,Bachelor,7bLWrAhoMfT4lPZdcQShxn,"['JTL', 'Lottostagira']","['4xnx6nc2d4KwWcwImcqB1x', '3oOwr3ig0rIBlrIn4gCzhf']",1,1,True,0.754,0.613,8,-6.59,1,0.051,0.0505,0.0,0.275,0.531,120.411,207538,4.0,2018,2018-06-22,Errore
1LO9YjzvsXqpHlrhBSvFAQ,Big Ball In Memphis,31 Bluegrass Favorites - Top Picks & Hot Licks,3kUrCSRFBQF26IYORzia5r,"['Mac Martin', 'The Dixie Travelers']","['0X7ycSgMXBlHSnENcXiJrw', '6VkBSTTBjipUTwYGmMkpWU']",24,1,False,0.517,0.82,9,-5.689,1,0.0368,0.867,0.104,0.327,0.8190000000000001,145.91,61920,4.0,2007,2007-06-26,Errore
5q4uK2Mse54zZmh20U1KUY,"Moskva, Cheryomushki (Moscow, Cheryomushki), Op. 105: Act II Scene 4: Song about Cheremushki: Cheremushki (Chorus)","Shostakovich: Moscow, Cheryomushki",3gAkyeKK0xTxPEDZvetKgk,"['Dmitri Shostakovich', 'Andrei Baturkin', 'Irina Gelahova', 'Mikhail Goujov', 'Elena Prokina', 'Anatoly Lochak', 'Herman Apaikin', 'Lydia Chernykh', 'Alexander Kisselev', 'Gennady Rozhdestvensky', 'State Symphony Capella of Russia', 'Hague Residentie Orchestra']","['6s1pCNXcbdtQJlsnM1hRIA', '22ugNnPj85aoQ1Szc1KluW', '7BEaCOD8lkWVu0wRCFYU9Y', '3NKHBs4GPJy2pO62kY00dj', '1BZ2L71ykpVJs7kIivUvu5', '6YRz5YEaB5Mcd9K9dp13Zy', '06PimwtS9P0NkfFd4JSIDN', '5XNKnDdZks65DPB0K6erC6', '7KtDUTTfcZ7x5kqdI37VUA', '7sjMk07ASNAAPVXoag7sGO', '3K7yFzdYiX3mpHePVKCRIg', '4NRCkG76H5liA17bp6TXhO']",16,2,False,0.406,0.285,7,-13.733,1,0.0383,0.91,6.78e-06,0.176,0.248,58.074,23040,4.0,1997,1997-11-01,Errore
5s7oSXNi8slsrSABMLLWWx,Asher Bara,"The Best of the Best, Vol. 1",4haCuQKH9sVu2SHewuXNtK,"['Gideon Levine', 'Yossi Piamenta']","['5dB8w8XOq4wafusZwCgwv5', '6WzlozZ7jpzFEXjdVHMe4s']",7,1,False,0.6940000000000001,0.782,7,-7.96,1,0.0306,0.409,0.0,0.2239999999999999,0.968,103.941,259821,4.0,1992,1992,Errore
1i2iTO5JzW97A56fog2gbx,Love Is All Around,Greatest Hits,5UwhZD3iKYWPKLvuedpVsl,['Joan Jett & The Blackhearts'],['1Fmb52lZ6Jv7FMWXXTPO3K'],9,2,False,0.304,0.847,4,-4.277,1,0.0507,0.38,0.0,0.4029999999999999,0.969,185.148,60107,4.0,2010,2010-03-09,Errore
3XBmT4WNF9aYERbktntRuC,Gucci - Live,Live from Lockdown,0FoPoUmukITD3JPIJJhvWZ,"['Jabriel', 'Coolassppl']","['3ospfNqVeXbcUbttYxpHLa', '0Vaak4x4Ga3jO1kV2SpIL6']",1,1,True,0.4479999999999999,0.941,7,-4.209,0,0.552,0.7,0.0,0.416,0.337,156.759,198734,4.0,2020,2020-05-01,Errore
6PaGqZn3O4o2JScBInqZTj,Partita: I. Toccata: Brioso,Walton: Symphony No. 1 / Partita,2HjWLZBK4cjiyvXqwScNQi,"['William Walton', 'English Northern Philharmonia', 'Paul Daniel']","['6RsX7qYw5KVKiOjS8BxjL5', '5QclRFLQPeO116eRes2D7o', '2xKKukBMJy7G4hJ3pNfhNs']",5,1,False,0.423,0.455,0,-14.88,1,0.0444,0.918,0.893,0.31,0.172,117.944,302200,3.0,1997,1997-10-13,Errore
1CtaNbYSZ78QORYCNRgpgi,When We Meet Again,Free to Fly,2gD3PuZ58riez4463GcwiZ,['Thad Fiscella'],['2TDLqEjKk2G6gjxJ0hjjbI'],15,1,False,0.5770000000000001,0.0657,6,-18.856,1,0.0774,0.993,0.911,0.0895,0.0965,69.694,200662,4.0,2014,2014-09-30,Errore
5nBkO2wPWSSPWO8gHJshR9,New England Rag,Six Strings North of the Border - Volume 2,0d1PkMOCVp6vZOQ6of8Owh,"[""D'Arcy Wickham""]",['7jOyeBaHxKtkTrO4fxThrY'],9,1,False,0.466,0.313,9,-15.553,0,0.0384,0.828,0.5429999999999999,0.155,0.665,136.055,130360,4.0,2002,2002-11-01,"['folk', 'Canadian', 'guitar']"
6ERb1s9uuZ8OHyCsMjyh0D,Violin Sonata: III. Allegro scherzando,Grace Williams: Chamber Music,7m6vL9ZbEDAmxEB7uACVyN,"['Grace Williams', 'Madeleine Mitchell', 'Konstantin Lapshin']","['347Nf0Q2ZHBMqMf5e1wNB5', '0KLDM2yLtC8DjicCNFqA2S', '4QXpKNUGQKVA9dykafutbM']",3,1,False,0.474,0.126,11,-17.559,0,0.0469,0.975,0.621,0.108,0.345,134.938,325680,1.0,2019,2019-03-08,Errore
0wnfbmNAYWtYNBRuguTr4t,Unforgettable,Tone Poems II,4cJPJD1I6fJSJgoAt5FHYD,"['David Grisman', 'Martin Taylor']","['5udgy2xk333j33hKnwDz8O', '3ZNRPH9WeMybGggbmNOE62']",15,1,False,0.515,0.0473,4,-20.322,0,0.0531,0.952,0.905,0.0825,0.226,100.007,187907,4.0,1995,1995-10-01,Errore
5HYtjcWbgUVlomn1ZFzCWp,Faithfully (Re-Recorded),Revelation,2DdrOOqcCv3kq8YazRPznq,['Journey'],['0rvjqX7ttXeg3mTy8Xscbt'],4,2,False,0.351,0.598,11,-6.0360000000000005,1,0.0298,0.104,1.93e-06,0.139,0.296,128.256,287408,4.0,2008,2008-06-03,Errore
6NZm3LKWHi0SiL3NX1P5gX,Wise Words,Selling My Soul,0mkNR0tbwDAYwQ2bakTVq9,['Masta Killa'],['0ME1RawvWt3qOJnYnxVqeh'],12,1,True,0.53,0.555,10,-8.08,0,0.287,0.0325,3.5e-05,0.0877,0.455,82.34200000000001,214733,4.0,2012,2012-12-11,Errore
0tjkJyiPpWpMkAQAw7GVct,Everyone Hates You Here,V,2av8TOfy9k21iFfndbSFvJ,['Jonathan Ian'],['4ES7XzCUKGhlilBfBCDxNU'],9,1,False,0.513,0.532,11,-8.943999999999997,0,0.047,0.462,0.000181,0.0804,0.528,96.793,44853,4.0,2007,2007-03-23,Errore
1hAJZMI6F0GdYcAKmZ6ZhN,La Veo Pasar,La Cava. Rumbas. Ãlvaro Urbano,6ItLFomiuYHlRrYKm2s8Ot,['Kike PagÃ©s'],['00uYz7q1c7ixSPwNKdLx0a'],9,1,False,0.745,0.7090000000000001,1,-6.5829999999999975,1,0.162,0.6890000000000001,0.0,0.624,0.833,97.49,225053,4.0,2013,2013-07-22,Errore
6OxxmCnmzryNPlYAMOKL4q,Lovely Emily,3:10 to Yuma - Original Soundtrack from the 1957 Motion Picture,30sGWOjPEgKKcomiFDUHQb,['George Duning'],['7qRvLAMvfoiO9dKpIgzwY9'],3,1,False,0.26,0.147,2,-19.79,0,0.0423,0.964,0.805,0.0947,0.1369999999999999,79.803,248280,4.0,2011,2011-02-23,Errore
2onqtVdstuMqUeFReMNG2M,Clandestine Variation Five,Killsonic,4SKWtVXvNS0cEuINCyYAP2,['Killsonic'],['0vzBIrxOPvq3HXE7tuJQaO'],10,1,False,0.304,0.5379999999999999,2,-10.781,1,0.127,0.0966,0.000241,0.3670000000000001,0.2319999999999999,103.629,369347,4.0,2007,2007-01-01,Errore
5GSbYku1UEIAH0HdRt0Cag,One,The Ethereal Tribute to U2,5bGjdEn6LbDPcE0IwygbwF,"['Transient', 'Mele']","['3mSqLuOnpzzYROxT9gCxES', '2fopdKOz0wNpXsJloWuCwo']",1,1,False,0.698,0.375,9,-6.742999999999999,0,0.0635,0.1369999999999999,0.0249,0.094,0.713,91.019,230027,4.0,2002,2002-10-15,Errore
595ngc2UNXN9N5uRCOzEmU,Holding Onto You,Near,4GzzU4OLO7HKd9xFZEuOjB,['David Santistevan'],['7yH1TAEjOywJSsa9JEEAzM'],6,1,False,0.529,0.38,2,-9.198,1,0.0255,0.5820000000000001,0.000241,0.0931,0.0838,129.248,294347,4.0,2008,2008-11-12,Errore
50WkOhJU7cOJLGMFoc8BZp,Excellent,Going Home,5nX08ZBXdUNymjyrdWkYi4,['Toronto Mass Choir'],['5KXByYMnBRGC0OKsh8YYYb'],9,1,False,0.639,0.743,1,-8.193,1,0.0526,0.048,0.0,0.431,0.932,145.871,259133,4.0,2007,2007-01-01,Errore
0tvw5vooI7iT74m2x1T7HU,Fiction Feels Good,Fiction Feels Good,6RoosIKwrQCNYyAw5xidRl,['Loreen'],['49aaHxvAJ0tCh0F15OnwIl'],1,1,False,0.627,0.833,11,-7.947999999999999,0,0.0641,0.23,0.1009999999999999,0.149,0.193,126.13,176196,4.0,2020,2020-02-29,Errore
2nzm1ZDF2noLwLKyWMBGCO,Dream / les Yeux Ouverts,Le Chemin,0Z3YNoVmnbN86JdyGUVJaH,['Jessica Fichot'],['147gQRlouYK2Ba15Z2cxgY'],8,1,False,0.43,0.322,0,-9.752,1,0.0358,0.889,2.1e-06,0.142,0.4589999999999999,89.541,187360,4.0,2007,2007-01-01,"['french', 'jazz', 'female vocalists', 'piano', 'covers']"
6o33wU2BYIvWf5O07JAAJw,Enough + Never Said Melody,In Their Final Performance,65nobSQGgRTMP6SCrVswxP,['Poor Old Lu'],['4kKX2Dc7HBE6fozhXYzPw8'],11,1,False,0.42,0.914,11,-6.995,1,0.0398,0.00252,0.00159,0.639,0.4589999999999999,102.819,299667,4.0,1998,1998,Errore
0ZYyQybd35pQtwDKEyzrGT,Supermassive Destruction (No Vocals),Epic Action & Adventure Vol. 7 - ES018,3iY7wq223DPg8UQTQO9tR3,['Epic Score'],['4Kyb02r7dR3H1PH7pYkb8X'],26,1,False,0.27,0.8220000000000001,8,-9.259,1,0.106,0.0573,0.926,0.0737,0.3879999999999999,169.68900000000005,192411,5.0,2010,2010-10-01,Errore
22J7pJja3BiLBC86cyUcbj,Janelle,8Ball City,5LV2NEjTIdBCIW1Camwa7h,['Kenner'],['7AJA3EPnd4aymPfJ4iDlgA'],2,1,False,0.5760000000000001,0.622,5,-9.689,0,0.0302,0.705,0.955,0.115,0.45,103.868,252475,3.0,2019,2019-05-23,Errore
4VmUNYF3mYgO0gf0y3bJDR,Strange Brew,PA2: The Director's Cut,00rbXYbqYmG0xv450jEDov,"['Marco Polo', 'Gangrene']","['3FQVWA8Owd6lje2nMg1qcl', '56GO5ViKH7Sg7ihAmFfvwv']",12,1,True,0.625,0.866,6,-3.71,1,0.324,0.00895,1.35e-06,0.123,0.7879999999999999,89.803,167053,4.0,2013,2013-11-12,Errore
6gLQncYiOxeZzNvwgVyxYM,Take Me Back To The Country,Notions And Novelties,6596AjuHooXapQjkSJ01ME,['Larry Rice'],['6Ya2sGFaETocS1EJ5ALGlN'],3,1,False,0.627,0.6,4,-10.382,1,0.0306,0.4539999999999999,0.0788,0.281,0.8220000000000001,127.466,218533,4.0,2011,2011-10-30,Errore
2peUruo6JbjLbv8QBWSt1R,Navigate,Blurr (Mixtape),26oUN3vkHOxAJ4nIdHZ0yE,['Ho99o9'],['5KuuNGYTUTokLerXMNYCGL'],9,1,True,0.516,0.494,6,-8.046,0,0.374,0.4320000000000001,0.0,0.111,0.2289999999999999,129.97299999999998,270000,4.0,2020,2020-08-13,Errore
5q5Lc0oA1x6dBc3gxkGpNx,Release Yourself,Metamorphosis,5SSxB32M0HXbA3a9pqFuPX,['Teodasia'],['16JXnESerYvanRg1CGhkLz'],3,1,False,0.4,0.957,8,-2.946,0,0.0915,0.00804,4.05e-05,0.128,0.35,74.98,280899,4.0,2016,2016-10-10,Errore
2EQDJAeNC8SmkqhNzOGgxL,Golden Tablets of the Sun,The Night Is Advancing,1Azpo8I6qKz2GJEiQ6XLyi,['Appendix Out'],['6TuacqEWCEGEgigHKQyHeN'],4,1,False,0.375,0.182,5,-19.454,1,0.0439,0.488,0.272,0.0799,0.2189999999999999,138.211,247133,3.0,2000,2000,Errore
4YqW45YDDHXuCYY0ygGR79,Cutthroat,RR7349,5ZfCxFwJOctlZ9Pgk4wtPX,['S U R V I V E'],['12cKwxUl6Ku3VpSB3LjrM5'],9,1,False,0.579,0.54,4,-9.997,1,0.0279999999999999,0.606,0.913,0.0871,0.0691,100.013,242496,4.0,2016,2016-09-30,Errore
1924Oo0YE5uenxghNnxDFQ,Gold Coast,Head In The Clouds II,0t9ZJ2G03bW3C1BWqE1d1N,"['88rising', 'Rich Brian']","['1AhjOkOLkbHUfcHDSErXQs', '2IDLDx25HU1nQMKde4n61a']",16,1,False,0.584,0.619,0,-8.003,1,0.0321,0.0658,0.0,0.336,0.303,129.982,241846,4.0,2019,2019-10-11,Errore
6XoOgwxAQSzoFoZu5SJkFR,Dunbar Is Coming,I Got My Associates,749EbL0JQvKyUKQj0zYLKF,['Gary Owen'],['0ACR3EfxpxBzV9srECTtae'],13,1,True,0.536,0.928,7,-6.565,0,0.878,0.772,0.0,0.631,0.3670000000000001,86.06700000000002,230398,4.0,2018,2018-07-20,Errore
0Ea8waQ2zKQVCQX1pzTwJp,Lumerino,Romantikpolitik,1qsvFodluw3Vhrkuzsj09r,['nosnow/noalps'],['74vPojspGYK8fqTXiEi6Tz'],1,1,False,0.414,0.994,9,-4.519,0,0.146,0.00135,0.0178,0.19,0.603,168.00099999999995,192920,4.0,2011,2011-08-24,Errore
396WXFyVqiPMBvAnaZpkQ8,Semiramide riconosciuta: Tu mi disprezzi,Baroque Gender Stories,7io9UCRGgxPpMqrt6kzn8j,"['Giovanni Battista Lampugnani', 'Lautten Compagney', 'Wolfgang Katschner']","['0mKl98nJvO4QbhWUiwlC3N', '0vo2ovp2PVDLDsTExmkFpo', '33ykhwAtMM9S97TnMmLcpI']",6,1,False,0.42,0.293,11,-14.651,1,0.0639,0.967,1.68e-06,0.0871,0.537,79.09100000000002,274453,4.0,2019,2019-06-07,Errore
761hy35aVvYK1XnWdPMwb6,"Giselle: Act II: Introduction, halte des chasseurs et apparition des feux follets (The Huntsmen Rest...)",Adam: Giselle (Complete Ballet),60ZOboLja5O7zBgNPoJE0e,"['Adolphe Adam', 'Slovak Radio Symphony Orchestra', 'Andrew Mogrelia']","['71VUVLmoTKKYfIugkavMeS', '428GNN7qZnTsMaK3SfPo6D', '7JQlNkPQ2EwNuzjnFia9DO']",1,2,False,0.256,0.0096099999999999,2,-27.91800000000001,1,0.039,0.892,0.3670000000000001,0.11,0.0388,102.671,374333,3.0,1994,1994-11-03,Errore
1Le0U717jeBVX5q8n4xSBt,"Divertimento in F Major, K. 253: Divertimento in F Major, K. 253: I. Thema mit Variationen",Mozart: Divertimenti,3Yc9YcW748pwO8r4Lo38yp,"['Wolfgang Amadeus Mozart', 'Scottish Chamber Orchestra Wind Soloists']","['4NJhFmfw43RLBLjQvxDuRS', '5PqLmer5UhaEKd4bUb0FJC']",6,1,False,0.528,0.00554,0,-21.798,1,0.0547,0.995,0.358,0.105,0.441,113.608,48663,3.0,2015,2015-02-16,Errore
60s6aJubzgzE1GpEVKWl0d,Stille Nacht (Silent Night),Christmas Live,5GKV8cxGiICbPHNOIIBXn0,['Mannheim Steamroller'],['0EeHVtSdrYibpGDVHjWEpe'],15,1,False,0.247,0.556,0,-12.231,1,0.045,0.747,0.595,0.975,0.144,92.638,326653,3.0,1997,1997,"['christmas', 'Christmas Songs', 'holiday', 'Yule', 'instrumental Christmas', 'Krismas']"
6zAx11L6bb1b62Wpl6Jmg6,Into The Night,Sequels & Hunches EP,6b8OIl0NYugvIsms7s9MKW,['Sentinel'],['5tn3cJfj8pkCof4CaV7bzt'],3,1,False,0.606,0.617,4,-9.154,1,0.0355,0.599,0.5529999999999999,0.187,0.6779999999999999,120.065,232507,4.0,2007,2007-05-21,Errore
2MikZXw2Bohixd1ChlTqB8,Living On Rock and Roll,Not Alone (Studio Recording),3MkR9BOFFMdMgenLGd86Jx,['Thomas Jefferson Kaye'],['78MpgLcybIwnirQ9QJpFni'],12,1,False,0.513,0.797,1,-8.186,0,0.0346,0.024,0.8240000000000001,0.106,0.624,147.662,173960,4.0,1992,1992,Errore
4D8m8TwRrzKAbakIjNNG9k,A Nameless Dread,Mandala of Fear,6h1mELyn2kn5w2kk3PAIQ8,['Huntsmen'],['1SCShrlrPEQfoQernUskjL'],8,1,False,0.315,0.995,1,-4.795,1,0.105,2.68e-06,0.858,0.122,0.204,157.123,374132,4.0,2020,2020-03-13,Errore
1KWnBHPbM4fosZzCRUDWiT,CanciÃ³n de los Soldados,EspaÃ±a 1936 - 1939 - 1975. Canciones de la Guerra Civil y Resistencia EspaÃ±ola,0lp3F1wKhflwHsZbQk2Q9n,['Ãscar ChÃ¡vez'],['4QHjJWgPhculd31AHEsjOb'],16,1,False,0.4539999999999999,0.4429999999999999,4,-10.53,0,0.0575,0.826,0.0,0.257,0.8370000000000001,206.79,172933,3.0,2003,2003-09-09,Errore
7aXgYFbVhiTVZKgidosVFt,Zutaz Gogoa Dudanean,Oroitzapenak Oparitzen Ditut,7rLHOhzt6VqdJnZFTPJmvB,['Mikel Markez'],['3jJtcu6eCz78hUTRLdmHm6'],8,1,False,0.512,0.575,9,-9.858,1,0.0284,0.016,0.0,0.0773,0.4,97.838,235013,4.0,1994,1994-06-22,Errore
6sfYrB2FxwyA9vEUIWk8Ch,"Grape Nut Beats, Pt.1",Bilious Paths,5LQXVCkCuqI9EMjdkWogTQ,['Âµ-Ziq'],['7AiamoV760pPGGM5PbOC6X'],8,1,False,0.583,0.983,1,-9.513,1,0.35,0.0212,0.186,0.0904,0.133,164.94400000000005,321973,3.0,2003,2003-06-02,Errore
7iG6aggbkFh1prX0FvL4yR,Alright,Live at the Southgate House,3SqowD2sTb9wTng6oWV4e7,['The Newbees'],['0IXG33I2HiAzbO9Ya3rvBi'],12,1,False,0.515,0.91,2,-7.706,1,0.0343,0.0541,0.00251,0.919,0.787,118.077,199707,4.0,2010,2010-03-26,Errore
2fBow2P9Mcze8N9eO2ZoZB,Hydrgn,ReCollection,7kAjOVMNpokirWPWqB2zMZ,['Es-K'],['0Ece4RFAFNTEpYaTHZWuhe'],1,1,False,0.807,0.3229999999999999,9,-12.3,1,0.237,0.909,0.365,0.0972,0.956,93.011,41489,4.0,2019,2019-04-12,Errore
0XmIcjpIdeylkcnrBIDFe6,Friends!,Friends!,3Kpt1UU6T3LjlycquVgQ8Q,['Future Crib'],['2QeQIlUXOsBbZGniOCJweR'],1,1,False,0.392,0.364,2,-14.132,1,0.0312,0.00817,3.2200000000000003e-05,0.24,0.2269999999999999,77.12,199867,4.0,2019,2019-07-19,Errore
6UsZaWIZhlYZgiqHlsruSW,Love to Make A Stang,Smoked Out Music Greatest Hits,4GIwo7CpBcG7cWqS53dyHa,['Three 6 Mafia'],['26s8LSolLfCIY88ysQbIuT'],4,1,True,0.715,0.696,2,-6.244,1,0.223,0.000155,0.0414,0.242,0.557,138.227,218000,4.0,2006,2006-10-03,"['favorites', 'Horrorcore', 'three 6']"
3m5jphMmjCLw4JPoxYMaqV,Pig In A Pen,All Access: Volume One,7zMe3emFwC6oO2TltnJIqF,['Greensky Bluegrass'],['33bzrYoIWLx5uox3y0VtHn'],2,1,False,0.4270000000000001,0.74,2,-7.987999999999999,1,0.0436,0.349,2.1600000000000007e-05,0.188,0.86,88.775,178227,4.0,2010,2010-02-09,Errore
0n79NeB8blgNQmI3ZLeBXm,Thinking of You,The Hippos,47JhPZK2HOtDkqx65vCE4a,['The Hippos'],['6glQCSuzgkNeB7oVMIkiYi'],15,1,False,0.476,0.86,7,-4.95,1,0.0837,0.00208,0.0457,0.3279999999999999,0.3879999999999999,125.056,213853,4.0,2003,2003-01-01,Errore
4wcrFAg7QtvMJtmJBzmUQK,You Better Run,Lookin' For Trouble,2q7wjq67acZ5i1GL9WWyNl,['Toronto'],['2HGQd1vKFmNzTZ8CZ8tU83'],2,1,False,0.465,0.772,7,-7.185,1,0.142,0.00806,0.00268,0.325,0.8170000000000001,127.362,206200,4.0,1980,1980,Errore
43PLhdbotvvtVSE914k2KV,EichhÃ¶rnchentag,55,7DcHWOXFDrfWLhAp02FMQp,['Ina MÃ¼ller'],['4sX5aHE7Jnbl4bTrah2aDu'],8,1,False,0.6779999999999999,0.664,0,-6.238,1,0.134,0.628,0.0,0.138,0.6629999999999999,81.59100000000002,184098,4.0,2020,2020-11-20,Errore
0UccYv3rKZxya0CDU3XomL,Goodbye Sun,Talking to the Sun,3PIHHbkduB2lSt7eNA9vyf,['Lisa Haley'],['53hZKwyqI3BvBwkLcWnEsO'],5,1,False,0.58,0.535,9,-8.33,1,0.0248,0.0498,1.81e-06,0.172,0.284,104.102,236520,4.0,2001,2001-01-01,Errore
0c1KOmvCdlOFeBcWs29uV5,Eee-Eye-O - with Devi Mathieu (voice) and Shira Kammen (violin),This Marriage,3K8fsyrpaI3Eaeg8vxi2KC,"['W. A. Mathieu', 'Shira Kammen', 'Devi Mathieu', 'W. A. Mathieu, Shira Kammen, Devi Mathieu']","['3Dp51vIkwFFTZRDqc0eFgt', '3nYdFPiV7xlEurHIvwMKGd', '2eirhR1fHJgEpvhvHl6T3O', '76nj0xRMBywsm8Uo8B891A']",13,1,False,0.177,0.102,0,-15.86,1,0.0429,0.99,0.0,0.115,0.0397,118.307,115653,4.0,2002,2002-01-01,Errore
5TrKWqtV7bMthQZOMLYXZL,Bigger Than Hula-hoops,Little Shop Of Horrors - New Broadway Cast,0NkSViglYRvhxd6dCm7kw3,['Soundtrack/Cast Album'],['56E5XajgEQr7pQNK4C10RF'],21,1,False,0.626,0.563,0,-8.97,0,0.495,0.627,0.0,0.126,0.521,102.631,89800,4.0,2003,2003-10-21,Errore
5HxJTGksnzYi4c597oc87s,I Know My Love (from Tears of Stone),The Wide World Over: A 40 Year Celebration,25J0cDEKSwEO4Aobdt0iie,['The Corrs'],['1VbWUxZTRNY2gw3qZ1tg9W'],3,1,False,0.71,0.52,10,-8.087,1,0.0698,0.3720000000000001,1.26e-06,0.0664,0.8270000000000001,102.076,207693,3.0,2002,2002-03-04,Errore
6jmt3heN1GsRMjD24efMp8,Take The A Train,Cuba Swings,0vrnedy9j6sqiDFcS2R8xg,['Juan Pablo -JP- Torres'],['4piDRECIY4tBk59AkTgJsj'],10,1,False,0.512,0.679,0,-3.104,1,0.0362,0.672,0.0123,0.747,0.794,155.841,212400,4.0,2006,2006-11-14,Errore
6rkBr3UHeFXEFMwhkp3V9M,Dad Squad,#DadSquad,1VklZpnlSWCb7C4KoB8AXK,['Drix'],['0RsL5NlusxhN4Azq0cVMIX'],1,1,False,0.935,0.635,1,-7.445,0,0.2769999999999999,0.0954,0.0,0.0508,0.645,129.97899999999998,222778,4.0,2020,2020-10-09,Errore
5hTafYgGcfyDFaYZkjd2CZ,Docteur,Histoires d'Hommes,2GuR4XBlTk170BGRqUz32V,['Daniel DeShaime'],['6Ammfy2opuev9P89sRMhda'],8,1,False,0.701,0.816,4,-5.53,1,0.069,0.0369,0.000125,0.129,0.8859999999999999,115.767,272200,4.0,2018,2018-12-21,Errore
4zbXR91faRRprAclIKzTfz,Sophisticated,The Traveler,13d8kCS6XSrC0kN97UHVPg,['Lewis West Deadder'],['4edRU6cE0GKk2Ta5KJiZSG'],11,1,False,0.648,0.655,0,-4.982,1,0.0384,0.855,0.934,0.0837,0.857,145.15200000000004,200267,4.0,2018,2018-05-31,Errore
4Y9gZ3h0y5e6QRk2Sf0ss7,Rich Black Soil,One Happy Camper,5t0rQUmcgTOqug2TMGkMRj,['Kaz Murphy'],['2izfOpRRwDU14g8PFjjq1y'],8,1,False,0.282,0.501,11,-9.31,0,0.0428,0.534,0.768,0.105,0.208,183.68400000000003,246200,3.0,1997,1997,"['americana', 'Alt-country', 'folk rock']"
6vC9Dc8YSGvJ0j83x8NdFe,Totem,Invocation,0CR0UoDrDnb5bMZP6PjVci,['Dew-Scented'],['2wkM2cLcT5sLS1wi6OYPTH'],7,1,False,0.418,0.5489999999999999,2,-6.665,1,0.0377,0.00533,0.605,0.317,0.0532,124.19,66467,4.0,2010,2010,"['thrash metal', 'death metal', 'german thrash metal', 'metal']"
4jsOTs3myetamTUdewrrwh,Angel,Golden Duck Orchestra,5IgHLeAdh3HhDP128GTWCj,['Golden Duck Orchestra'],['1eRryrJisn3VmThbtfQ3WR'],1,1,False,0.5670000000000001,0.943,0,-3.838,1,0.0606,0.00126,1.44e-05,0.179,0.5489999999999999,134.108,224760,4.0,2016,2016-02-23,Errore
2Bh6xqOPyweRthNSaIv8Wi,The Cliff,Mysterious Island (The Complete Bernard Herrmann Score),75Mx9lKqZWfVKGAVuKbAzN,['Moscow Symphony Orchestra conducted by William Stromberg'],['01Rwssa97P8k0eMyAsVkoO'],23,1,False,0.182,0.00279,6,-34.044000000000004,1,0.0456,0.915,0.421,0.295,0.0382,80.79,94320,3.0,2007,2007,Errore
2fjpHaw2HER76A36HVeMZG,Ishkhanabar,Armenia Anthology,2ZIBrNINzLqYgSUqmge01q,"['Shoghaken Ensemble', 'Gevorg Dabaghyan, duduk', 'Hasmik Harutyunyan, vocals']","['4v75HUUAqLUP92XJMafCzt', '2y0Tlt2jsUdRKRxrl3Of1t', '1tVGuspHtOoivRB8mrhH6z']",8,1,False,0.517,0.158,4,-20.179,0,0.067,0.993,0.906,0.0985,0.286,121.914,274533,4.0,2002,2002,Errore
3zBKzf8SgNr0MIpCEqEDRd,Asteroid Belts,The Slay Stack Grows: Early Demos and Live Recordings,6149wdyyqzctXlLsRaEwNn,['The Lord Weird Slough Feg'],['0VV7GNAJSRtAvWULgtRXCn'],28,1,False,0.0922,0.928,11,-6.621,1,0.129,0.00072,0.0739,0.37,0.491,174.43900000000005,148227,4.0,2008,2008-01-01,"['heavy metal', 'metal', 'heavy', 'folk', 'Doom', 'traditional', 'Power metal with folk and doom', 'metal stuff woo']"
1yqB304R4szKfFqrZk8OJe,Immeasurable,The Sonic Temple,5tSy0YGe2yMt3AHhvHn3kJ,['Jerry Granelli V16'],['4xlB5ZsMibw7QsXqd0tAdu'],2,2,False,0.501,0.271,0,-14.094,1,0.0704,0.8690000000000001,0.779,0.0937,0.396,79.865,338791,4.0,2007,2007-05-08,Errore
67qIhdQAB1M882JtrrmEw7,Coastal Blue,Sunrise,2WipIrtNkx4eq0ZsgTQ3gW,['Sunny Intervals'],['2LHd8ROiM0UswlMdvvzuwZ'],3,1,False,0.5660000000000001,0.386,4,-10.91,1,0.039,0.862,0.0090599999999999,0.0961,0.512,146.267,214980,4.0,2016,2016-07-11,Errore
0r4DG4FwP5GgfKDSOlQaum,Eki A'ttar (Good Horses) - Live,Genghis Blues,0AG0FV68uaaN5n4fPgZgbr,"['Paul Pena', 'Kongar-ol Ondar']","['4vOjR5xHyCQUkJYxfWsIJs', '4mZTi7FE57JXmWa1vXbACm']",17,1,False,0.523,0.608,6,-9.88,1,0.0605,0.917,1.11e-05,0.6709999999999999,0.579,114.794,205533,4.0,2000,2000-11-07,Errore
6T5iSIieR6rPjc4Jj74YKb,Casey Jones Whistle Blow,North Star,5i6tTkcvyxpq7esiPHnu6Q,['Kyle Carey'],['1f3oAaEagrNNY5xL2ByYhl'],2,1,False,0.508,0.523,9,-8.516,1,0.0265,0.3229999999999999,0.0192,0.11,0.498,108.011,227467,4.0,2014,2014-09-01,Errore
3KxjFz7ZUy0DozbXpfX2p5,Throwing Things,God Fodder,3jkqrE3ycfEY8088IZXcZZ,"[""Ned's Atomic Dustbin""]",['5AX02tEFl85gnqkvzqeltP'],6,1,False,0.456,0.875,9,-12.211,1,0.0516,0.00101,0.0111,0.138,0.6809999999999999,141.915,199467,4.0,1991,1991-04-01,"['indie', 'alternative', 'indie rock', 'rock', '90s', '1990s', '1991', 'indie pop', 'blues', 'fun', 'High School', 'poppy', 'sk8', 'grebo', 'Alternate Rock', 'Neds Atomic Dustbin', 'instant happy', 'Best Of Alternate Rock', 'Best Of Favorite Artists', 'superfast', 'yet another 4', 'radio as i want it', 'up on trial', 'gr ar', 'The Bristol 1991-1993', 'gr 90s', 'less than 88', 'gr ws', 'JR List']"
5WRQjCCYqStAiyfmrildxH,Good Life,Turntables on the Hudson: Twenty Years of Good Vibes (20 Year Anniversary),1RgsyWsNXGTWHahRADx6DI,['Brassroots'],['0b2YLMboLmhRio7F9vroR9'],2,1,False,0.911,0.591,6,-9.498,0,0.2019999999999999,0.0935,0.0135,0.0976,0.907,124.009,234733,4.0,2018,2018-12-07,"['brass', 'streamable track wants', 'Second Line', 'double-ender 32']"
0DtUyeqJIvuOY58kqg0ZCd,This Link Is Dead,Ohms,0VEFy5MsBiq0u2lWL0OwOd,['Deftones'],['6Ghvu1VvMGScGpOUJBAHNH'],7,1,True,0.134,0.989,1,-3.258,1,0.4589999999999999,0.000268,0.69,0.138,0.0387,171.766,277251,4.0,2020,2020-09-25,"['alternative metal', 'math metal', 'metal', 'alternative', 'Progressive metal', 'post-hardcore', 'Deftones', 'Post-Metal', 'badass drumming', 'ohms', 'Chunky Riffs', 'k1r7m']"
7HpVlM0p5bRTgwvTMZHRKX,Hey You,Moving Skies,2DsijdE03t5TlqqfQ5KcVk,['Richy Kicklighter'],['7FQ8wLlE6kd6EBtexh0FAD'],12,1,False,0.425,0.244,7,-17.32,1,0.0386,0.83,0.857,0.0878,0.258,79.931,335867,4.0,2005,2005-01-01,Errore
1YfZrqeIucFoBACRpWoZvR,On Green Dolphin Street,God Bless The Child,48eIBcdpPuGLuTaS6vEJ70,"['Mishka Adams', 'Ria Villena-Osorio', 'Koko Bermejo', 'Arnold Casinto', 'Elgar Avenir', 'Louie Talan', 'Mike Guevarra']","['4WUkYLHYNs9JQYHuPIRHXj', '1oO8yZ5EipmVRiqiTVNi39', '7iB27ezaTxuvDcEfeDTxOJ', '6eXbYMsuRbklxg6ceDs15t', '3XWMuApYENWMNIVmADsPep', '2DoIiizWyhi1qw9bDPnf4Z', '1PpKTv9McGn4HzIukDbAMN']",1,1,False,0.767,0.61,1,-7.0420000000000025,1,0.0647,0.7559999999999999,0.031,0.1,0.758,109.158,178467,4.0,2006,2006-03-09,Errore
3tw0zZuGMckOAhf33tbMG1,Chamber Concerto for Piano and Violin with 13 Wind Instruments: Ia. Thema scherzoso con Variazioni - Motto,Berg: Chamber Concerto; Three Pieces for Orch.; Concerto for Violin and Orchestra,5Pvt4w7ber9cUmPYSiJl5d,"['Alban Berg', 'Pierre Boulez', 'BBC Symphony Orchestra']","['60ju8DuNEmkdLw3ymddLje', '2prZJWfQMnIgwUKxKcBxH7', '23BiSNXm5UaRFuusoWisYO']",1,1,False,0.296,0.000537,2,-36.731,1,0.0501,0.931,0.98,0.0635,0.0,83.554,27960,3.0,1968,1968,Errore
75TmJXxyIgLezCrRBAVi4J,Intro (Funeral) Parade,Drinking from a Salt Pond,4w4xXUAHgIfXfCXD8oKOnA,['Run River North'],['0INDB6Snts5NDbzh8jC3lk'],1,1,False,0.188,0.8140000000000001,1,-4.873,1,0.0549,4.59e-05,0.0485,0.0715,0.176,118.0,134720,4.0,2016,2016-02-26,Errore
300dPmE0dv1urytTusm16j,Easy Driver,Nightwatch,2IIoRTMSjA1fTv11MdpGMj,['Kenny Loggins'],['3Y3xIwWyq5wnNHPp5gPjOW'],2,1,False,0.61,0.745,2,-11.79,1,0.034,0.0542,0.000386,0.243,0.696,136.02,213507,4.0,1978,1978,"['classic rock', 'rock', '70s', 'west coast', '1979']"
5TvnWogzQuDfVSmug9GEJ7,Ryhthm Run (Uphill),Fatha's Day: An Earl Hines Songbook,55so8ICiBeXLFsfJgMj2wv,['John Hicks'],['2JzTVgQ5vs7k1gGXbC5DWG'],9,1,False,0.58,0.2269999999999999,0,-15.929,1,0.0349,0.988,0.86,0.0865,0.532,74.08,261280,4.0,2003,2003-09-20,Errore
3FAGNeLmRtTh0E2Q3mcM9O,Wendy's Song,One Last Time,5IY95wDIBsxr3k7uxs5gJD,['Tim Munro'],['5nPYDWnU1h1DXjABY4BMUI'],1,1,False,0.5539999999999999,0.266,6,-11.132,1,0.0368,0.853,0.0,0.246,0.65,133.803,151000,4.0,2011,2011-06-09,Errore
2w1BXf9QioEL6pX9tbU5A8,Put the Squeeze on Me (Live),Live!,6J9U3NHUPX21MCf03Smck3,['Teresa James & the Rhythm Tramps'],['5DF9ghWMWb2famPGFAV5sm'],3,1,False,0.368,0.532,9,-9.608,1,0.0398,0.625,1.7100000000000002e-05,0.631,0.4970000000000001,112.997,287507,3.0,2019,2019-10-25,Errore
6waKGAxdxAwXhm2TVXtY25,Six Times Table,Hip-Hop Math-Multiplication,2Y67LG3HEXqqcMHZJfP49S,['David Marcelle'],['593XJ9QsUnZqQibCIxDZ33'],6,1,False,0.743,0.484,8,-13.53,1,0.3329999999999999,0.1969999999999999,0.00807,0.0848,0.614,96.003,96187,4.0,2008,2008-06-13,Errore
4nfWqYSR87IBlATSGOFC3A,Horse and Buggy Ride,"Awesome Record, Great Songs",2Ek5v00qITf5QJhDgGNWp3,['Tim and Eric'],['0f4eQVT4ReCMhAyd3qvvCO'],22,1,False,0.5329999999999999,0.55,9,-5.528,1,0.114,0.439,4.8e-06,0.0647,0.7140000000000001,120.326,57800,4.0,2008,2008-05-06,Errore
19azfDLJijGlOwA0UbtAk0,Hold My Hand,"If You Got To Ask, You Ain't Got It!",1W9UvJtQ8WmTnIBqi6KnHB,['Fats Waller'],['0DYWCXTkNqGFZIf67SrWEa'],10,1,False,0.774,0.301,5,-13.865,1,0.0605,0.921,0.078,0.0567,0.6990000000000001,102.415,176173,4.0,1926,1926,"['classic jazz', 'Early Jazz']"
1KZnBeXnLjEOeLk1Tj5W6b,Storm Comin',Road to My Love,1mVPYdvv4Jww8wrG1CGxu7,['Ana Egge'],['1dHhosKN9sgDJjFltalUch'],1,1,False,0.775,0.4,7,-12.673,0,0.0409999999999999,0.085,0.0164,0.0833,0.416,127.209,170573,4.0,2009,2009-01-01,Errore
1DX0ORiRUjzbJv4XA9EHzy,Don't Worry 'Bout Me,Blue Gardenia,0wr68AslbZFwNchRZL0aoL,['Etta James'],['0iOVhN3tnSvgDbcg25JoJb'],9,1,False,0.4370000000000001,0.245,10,-14.428,0,0.0483,0.746,0.00734,0.14,0.248,198.756,352467,3.0,2001,2001-07-27,"['jazz', 'easy listening', 'blues', '00s', 'starter', 'good things mainly jazz but', 'in the box of old letters under the desk', 'Never Played']"
2xIZXByUQfdgrqoGaJE9Ch,Right Where I Want You,Expectation,0XoSTr5t3rQlAneTotCU7X,['Declaration'],['5I5tAYlA7sIdcQtgdNd9qg'],6,1,False,0.617,0.944,9,-7.086,0,0.0594,0.0893,0.0228,0.15,0.483,103.018,246507,4.0,2008,2008-05-19,['flashback alternatives']
1uSRWdQRW0Hu1VJxz6sohN,How Many Days,Let Me At Em,6lGRGZVk4SbXtM2SW212eu,['Hostyle Gospel'],['3vM6v0vcf9YTsJrn3n9Lnw'],14,1,False,0.407,0.772,0,-6.269,1,0.168,0.0172,0.0,0.119,0.425,84.02600000000002,284147,4.0,2007,2007-12-20,Errore
2FVNPjtDMeme2iEhFdCu3n,I Fell In Love Today,Shinola (Vol. 1),2aplhoOcX4UjbxrUdxGEiH,['Ween'],['3u1ulLq00Y3bfmq9FfjsPu'],3,1,False,0.8109999999999999,0.484,4,-10.081,0,0.0395,0.2,0.00292,0.122,0.954,146.224,249267,4.0,2005,2005-07-15,"['chillout', 'chill', 'rock', 'alternative', 'sensual', 'a place for people with that tiny black spot on their brain to go when the darkness leaks out and does what it wills', 'chill the fuck out', 'stripper music', 'serial killer soundtrack', 'you fucked up', 'Stripperella', 'alternative rock', 'sexy', 'indie rock', 'Comedy Rock', 'Awesome', 'psychedelic', 'quirky', 'sex', 'Favorite', 'love song', 'marijuana', 'friendsofthekingofrummelpop', 'Good Stuff', 'sex music', 'Ween', 'Cult of Boognish', 'Erotic', 'Alternative PopRock', 'Boognish', 'songs I absolutely love', 'lap dance', 'ridiculously awesomely good', 'chill porn music', 'frenchysfavorites', 'breathplay']"
2JmQHM9FSY6GYrpIdFdOnV,"Concerto No. 8 Ã  2 violes esgales ""La conference"": V. Ballet. Preste","Sainte-Colombe: Concerts Ã  2 violes esgales, Vol. 1",1YaMC9WLFc07iOzNg4zQ7G,"['Monsieur de Sainte-Colombe', 'Les Voix Humaines']","['6APpGgnZqpXhUGNHvpoiC4', '3U6SCiNrEejhIQyYSTN8Bl']",30,1,False,0.302,0.108,0,-22.178,0,0.059,0.875,0.901,0.12,0.165,105.989,152133,4.0,2003,2003-06-01,Errore
6VSlHSMSS7izFjqwBGbw2b,Al Amor,Flying Solo,6lFx2WVs87HhMyeXBrkWwS,"['Fernando Jaumandreu Obradors', 'Jens Lindemann']","['2HSMz1TOaJEJJsLcD0OsXq', '3iNTxrkbylljn04dsdtdn9']",18,1,False,0.435,0.205,9,-15.615,1,0.0447,0.989,0.92,0.0618,0.24,129.718,62747,4.0,2002,2002-10-08,Errore
0xLmbWyyuXkP8ULI4VS4IQ,Ducky Groove,Bone Structure,0MDnGv1A4Xr58k5MK1hWJy,['Ron Pope'],['6CmXhyslohOFRJMtPpRm4O'],9,1,False,0.652,0.777,6,-5.874,0,0.0693,0.11,0.711,0.073,0.713,93.953,160387,4.0,2020,2020-03-06,Errore
2LBpVtdoJizrHNZaMiouQA,Hoy Te Toca Dormir En El Suelo,Lo Mejor De Lo Mejor De RCA Victor,4QPwQsEGBHjsR7nddq25Lu,['Yolanda Del Rio'],['0QdXxfTxlrbEQSY6FaxqaC'],6,2,False,0.638,0.461,4,-5.718999999999999,1,0.047,0.3389999999999999,0.0,0.21,0.7120000000000001,83.37,153293,1.0,2001,2001-06-26,Errore
1Ypilik92gtFLdryUAGfv0,We'll Be Sweethearts In Heaven,The Complete Columbia Stanley Brothers,2JxhOmYxViLM4IW6DebLs9,['The Stanley Brothers'],['0qqGnmHBX2yVvCITRAvuRD'],9,1,False,0.53,0.465,2,-12.34,1,0.0297,0.7120000000000001,4.73e-05,0.391,0.541,106.129,156573,4.0,1996,1996-03-06,"['bluegrass', 'USA', 'acoustic', 'virginia', 'jordaan', 'The Stanley Brothers', 'carlas', 'KARINS']"
4YLdGiwpHiA6atDE6qYGQe,You'll Never Fall,Dulcima,1XLOCXnY3rRvAtCYN6vWU1,['Rhys Marsh & The Autumn Ghost'],['6eAVMGViq7FpYbuvPoStjc'],6,1,False,0.4,0.609,5,-8.118,1,0.0618,0.0312,0.0006219999999999,0.119,0.26,116.106,262147,4.0,2009,2009-10-05,Errore
4hpGC0YDAPBiFw6X9kbFSf,Relentlessly,Night is the Darkest Before the Dawn,1hqCoJZQP5hkMnDaMxkYNU,['Theophany'],['0KydTsllD0mvOWFNV8zyyQ'],6,1,False,0.477,0.6579999999999999,7,-8.004,1,0.0305,0.000619,4.94e-06,0.13,0.211,166.08,248227,4.0,2010,2010-11-13,Errore
4h90xX1whmKSusuBSV4qyC,Stardust,Paul Ferguson Jazz Orchestra: Live at the Bop Stop,6J3CHmarvdoMT2lytCT3yO,"['Sean Jones', 'Paul Ferguson Jazz Orchestra']","['6QqHOrnGMdjtUy7Oyb3cw6', '1H9b0n542g6OoS42ttYnd7']",8,1,False,0.366,0.196,0,-14.505999999999998,1,0.0425,0.93,0.8809999999999999,0.701,0.11,143.659,393613,4.0,2007,2007-01-01,Errore
3uZaE58oe9CGFk6TWhyAga,Organic Tomato Yoghurt,Bluff Limbo,18nE7bx6O1nC1MGpAYCPJv,['Âµ-Ziq'],['7AiamoV760pPGGM5PbOC6X'],2,2,False,0.509,0.8959999999999999,8,-8.591000000000001,1,0.0418,0.000343,0.8809999999999999,0.106,0.325,126.871,238360,4.0,1994,1994-08-15,Errore
1smkxlNHKjm6IpMg5oMpj8,Pleasant Moments,Joplin: The Greatest Hits,5sqQ2zWff7lBfHaW6djmgh,['John Arpin'],['6OMykuv92hzqoSZAzcSdg1'],11,1,False,0.442,0.0372,7,-27.256,1,0.0678,0.995,0.851,0.083,0.165,117.89,210360,3.0,1997,1997-07-15,Errore
2xdNdrHAFFI4VAxcbvPHNG,The Fool on the Hill,A Manhattan Affair,2hNlS1n79g491tRw6jjbKF,['Mike Catalano'],['5hEGOpkeXkyqYHSLu5z1z5'],5,1,False,0.6729999999999999,0.505,0,-9.544,0,0.0231,0.172,0.000572,0.108,0.442,105.986,264040,4.0,2007,2007-01-01,Errore
3RsPxyK0eFyPq6byWTXWwJ,River of the Heart,We Come from the Stars,02ZwO6Uqtd4VyKX2zfjzsQ,['MALMÃ'],['1S4EXeEdXBxOp2qtPf7tRB'],11,1,False,0.292,0.217,4,-15.158,0,0.0416,0.982,0.0559,0.1669999999999999,0.0519,126.521,311500,4.0,2018,2018-06-22,Errore
3W5Fut8EdVncmvi41QC6Up,Only You,Romantic 80's,20ORbWNXZ65Iinp4Rl6Xsh,['Yaz'],['1XSKLwRyT1GttGP7fqr5o5'],10,1,False,0.731,0.347,9,-16.691,1,0.0398,0.31,1.29e-05,0.0946,0.855,105.791,195507,4.0,2017,2017-02-16,"['80s', 'new wave', 'synth pop', 'synthpop', 'pop', 'electronic', 'Yazoo', 'new romantic', 'electronica', 'female vocalists', 'love songs', 'british', 'Love', '1982', 'Alison Moyet', 'electropop', 'alternative', 'synth', 'favorites', 'Only You', 'beautiful', 'Mellow', 'nostalgia', 'love song', 'synth-pop', 'Vince Clarke', 'chillout', 'UK', 'dance', 'britpop', ""80's"", '1980s', 'fringe', 'electric pop', 'classic', 'oldies', 'Bittersweet', 'female vocalist', 'johnnytop', 'romantic', 'melancholy', 'Favourites', 'Depeche Mode', 'NewZenithSpectrum', '80s Pop', 'Napoleon Dynamite', 'Yaz', 'Yazoo-Only You', 'disco-dance', 'dj delberts dorky dance drops', 'Yazoo - Only You', 'Soundtrack', 'rock', 'favorite songs', 'top', 'party', 'yearning', 'duo', '6 of 10 stars', 'Favourite Songs', 'lovesongs', 'cream of the crop', 'My 80s', 'femvox', 'I want back to the 80s', 'Eighties Ball', 'Walter Bishop', 'what you wish', 'good yet forgotten', 'fire up the quattro 3', 'Peter Gagriel', 'essence records', 'great yazzoo', 'happy and chill', 'insuperable', 'my film soundtrack', 'miianens playlist']"
131iEquUxsFmqwCE4teRTr,8. Something in the Water,Evolver,2tSTOrDkZHyNSsruRZfKn7,['Magnetik North'],['0igY2ldGzzBt78Bl1N2Uwy'],8,1,False,0.0879,0.165,1,-23.838,1,0.0454,0.94,0.907,0.3389999999999999,0.0375,85.432,548973,3.0,2012,2012-09-21,Errore
4NSbcn1LX43LPz1uoOhgio,"Eli, Eli",I Thirst,4QIPvaFWfBVg2dp3w4GxC7,['Tatiana'],['41afDgAYLuPgxrh1idDJsD'],7,1,False,0.195,0.3289999999999999,2,-9.304,0,0.0317,0.858,0.00403,0.105,0.0352,145.253,227133,5.0,2004,2004-01-01,Errore
7GvjI3BOZvbQGhljwllwDV,Dark Hallways,Music To Die For,30C6mjqiv1Vcu1oPmlPLBU,['Frank Petruccelli'],['1qRBaKfhjimh8Ks91fB3UW'],6,1,False,0.379,0.0534,5,-20.691,1,0.0446,0.932,0.951,0.11,0.0798,76.15899999999998,133640,4.0,2001,2001-01-01,Errore
6jtPPSpO2QYAaxhwWur1CD,Piano Sonata: III. Andante sostenuto,Ives: Piano Sonata No. 2 / Copland: Piano Sonata,1aDbi5951yjxTvws7pFYCD,"['Aaron Copland', 'Easley Blackwood']","['0nJvyjVTb8sAULPYyA1bqU', '6B20VnsoSar53c6VaXR3Ho']",7,1,False,0.455,0.00232,3,-25.98,1,0.0941,0.989,0.879,0.0644,0.119,66.84,485000,4.0,1991,1991-01-01,Errore
3wOpzFqq1vWE8N3x0cOMMb,Swingin' The Devil's Dream - Instrumental,Spadella! The Essential Spade Cooley,4fEHqT076nIskXz6WkHC94,['Spade Cooley & His Orchestra'],['4WCR1eNo1tSLLv3J1HQuoJ'],6,1,False,0.603,0.316,9,-15.199000000000002,0,0.0763,0.851,0.0131,0.102,0.769,137.039,163867,4.0,1994,1994-11-01,Errore
5MtEfJN9CYRIz05g6ZOUn4,Angel Band,The Definitive Bluegrass Collection,1u3EQMG4AgDlEWxIa6Zcoq,['Carl Story'],['3odthcEFO8qjupsfM56E2C'],9,2,False,0.52,0.212,7,-12.936,1,0.0292,0.735,0.0001419999999999,0.289,0.38,105.998,224267,3.0,2008,2008-06-02,"['bluegrass gospel', 'country', 'bluegrass', 'folk', 'banjo', 'dying', 'gospel bluegrass', 'doc watson and co', 'angel band', 'carl story']"
4MIsT88RP69QU99lr4b44K,I Just Want To Love You,Coming Home,4taDMS1Y1oQNZ0yuT7c48i,['Lonestar'],['3qbnxnvUqR14MJ9g8QwZJK'],11,1,False,0.41,0.455,0,-6.526,1,0.0336,0.6509999999999999,0.0,0.0853,0.188,140.95600000000005,247480,4.0,2005,2005-09-13,"['country', 'lonestar', 'no song just a reminder']"
6qwh66NirFRt1WTgEPvap6,Enlightenment of the Forsaken,Behold the Chaos,3CeXB2xlt4jO249D84Lz4l,['Advent of Bedlam'],['1OogX8A86mXlFoZ6FlngH6'],2,1,False,0.263,0.985,9,-6.104,0,0.15,3.75e-05,0.779,0.115,0.178,112.587,457467,3.0,2010,2010-07-31,['death metal']
2cwzYHfczrRtoUb1RwmqEh,Minefield,Black (Original Soundtrack),6segWEuTWB2XSlBSgaEYqY,['Chris Tilton'],['0E7PdEWOAW6t5k9qKSwQxF'],6,1,False,0.455,0.0322,0,-30.821,1,0.0386,0.975,0.978,0.1119999999999999,0.0883,65.146,87787,4.0,2006,2006-03-28,['American film score composers']
5ScYldxRpzUuHMTCBBlxz7,Good boys,Sans regret,6YudWrGFzdIrBYqBCvfBMn,['Brigitte Boisjoli'],['2oHveiOBJleFuHBLypRrNw'],3,1,False,0.685,0.903,4,-5.332000000000002,0,0.0603,0.26,0.00101,0.2789999999999999,0.769,95.02,216453,4.0,2014,2014-04-29,Errore
2IHweATl0BEqrKgLrWf8qz,Potato Girl,Happiness...Is Not a Fish That You Can Catch,6zlcEv6OCgGoVlF5Fm4cSd,['Our Lady Peace'],['1lqW59DUEKqvcHc8mVWBtH'],3,1,False,0.417,0.831,1,-5.81,1,0.0839,0.0733,0.00103,0.109,0.34,167.641,267640,4.0,1999,1999-09-06,"['alternative rock', 'Our lady peace', 'Canadian', 'brilliant', 'rock', 'Raine Maida', 'classic', 'Grunge', 'alternative', 'post-grunge', 'toronto', 'FUCKING AWESOME', 'fave artists', 'Sentimental', 'the word girl', 'the word potato', 'rock out', 'Five Star', 'cynic', 'The soundtrack to my wasted life', 'mashed potatos', 'aitch', 'aitchchill', 'aitchinternational', 'olp', 'botany songs', 'Grey Room', 'Potato Girl', 'olp potato girl']"
5fRqIIkrpjgvvEffWaqJpw,Tour Rift (Spaceship),A Hat in Time (Seal the Deal + Nyakuza Metro),7oPmMMzc0ESIpL0XGbJuIO,['Pascal Michael Stiefel'],['3FU61shb6MdX8NLBnBauTI'],6,1,False,0.259,0.3229999999999999,8,-17.555,1,0.0358,0.915,0.8690000000000001,0.124,0.633,129.671,109793,5.0,2019,2019-05-30,Errore
7KHam6buYN7Zf20SQH6huk,Sister Ruth (Demo Mix),Down by the Bottom,7knq4wxNWE3N8Kqa1tKwbf,"['Andy Colvin', 'Ed Hall']","['3Y7paNjQErG9zvdAvWJG9Z', '6CXMa5E0zvzGEYWUJ3OdnT']",4,2,False,0.252,0.7659999999999999,9,-11.393,0,0.0471,0.51,0.754,0.191,0.306,78.182,188426,3.0,2017,2017-06-12,Errore
1PA1KArMcbPGmhoyUQFxR2,Infinite Eternity / Farewell,Crystalline,1IpRdn708iz9eyBnWScxcj,['Deko'],['6KAgrAiCdJPDucMqR1kvMn'],15,1,True,0.736,0.522,0,-8.61,1,0.0686,0.513,3.78e-05,0.136,0.357,135.007,250440,4.0,2020,2020-04-14,Errore
02tOeUwdWNkxRRgVIfSiop,Govindam,Union,31SLTHvfyWYRJLxBCtv56y,['Rasa'],['5Enz7wA3omADgLyx5f7dzt'],7,1,False,0.348,0.604,11,-10.914,0,0.0478,0.5529999999999999,0.0011099999999999,0.1159999999999999,0.331,97.004,523493,4.0,2001,2001-09-11,"['meditative', 'kirtans']"
2nk1w9aMzLGANJkfwkXO3k,Don't Have the Time,Lift,0dfuTkBZtoM7Q9YWc4lW8e,['Akia Uwanda'],['3NTFVOc9RlUt8MLKBDBb5G'],5,1,False,0.613,0.354,1,-15.752,1,0.107,0.376,0.0524,0.0835,0.428,176.00400000000005,333253,4.0,2017,2017-05-27,Errore
3WRiWRkolTkYHKqMGsYsOT,Garfield,Eden,6sWz3hjGjLYCtcnPPuRe9i,['cupcakKe'],['76SlrtEaq2oViRXulxjfuM'],4,1,True,0.872,0.835,6,-6.174,0,0.11,0.2319999999999999,1.39e-05,0.0869,0.624,99.978,217560,4.0,2018,2018-11-09,"['Hip-Hop', 'rap', 'female vocalists', 'sex', 'legend', 'female rapper', 'female rappers', 'queen of hip-hop']"
2DcyHupLeovnVWl7Wy7Aip,Sonate 2 in D BWV 1028: Allegro,J.S. Bach: Gamba Sonatas,44Ry41M3yqe5zJgZ2jcvFi,"['Pieter Wispelwey', 'Daniel Yeadon', 'Richard Egarr']","['1SWaFKyfyRsmbg3Kcr3muo', '1nIXDCxdQY7Kdx1tGAGQKY', '0wIAnpAug0yADcWCSB4jKq']",11,1,False,0.512,0.3289999999999999,1,-16.475,1,0.0331,0.955,0.855,0.136,0.894,99.309,240333,1.0,2006,2006-12-05,Errore
1GU2LnARktwtmAILcBDi7W,Aux Antilles,Bon Voyage !!,68qqTjOxViljYLbFS6QS3u,['Ry-Co Jazz'],['3umj1fcfDdwdTiv6YvAsO9'],6,1,False,0.5660000000000001,0.732,2,-8.507,1,0.0572,0.588,0.0,0.22,0.87,113.499,343920,4.0,2008,2008-12-15,"['congo', 'Congolese Music Rocks']"
0Nsv6yQuwUSwDieTdW5wfT,Factum est silentium,"Hail, Gladdening Light - Music Of The English Church",0RHvlTLZVCj7LtPYbkH8v9,"['Richard Dering', 'The Cambridge Singers', 'John Rutter']","['3mx64Y9JYY59BeFLQ0ZlZX', '0daVGEYMVnQZ3NZIpIuFWn', '0qlhpgr87PEG89Jd5iRpxe']",11,1,False,0.131,0.129,4,-21.6,1,0.0413,0.995,0.926,0.0581,0.0579999999999999,73.6,188560,3.0,1991,1991-10-01,Errore
6an8IuyqdsgH9zIYvYiTgp,The Sludge,Flamingo,7sFHuMaFIGfJM6meHMvDI0,['Kallidad'],['7JDh0Ry3BwNA9rjFuxvUFK'],9,1,False,0.43,0.6679999999999999,9,-2.6830000000000003,1,0.0306,0.233,0.861,0.108,0.386,103.401,251905,4.0,2018,2018-07-01,Errore
4U2v1vLfpfNjOEXVuY1aHd,Sadness and Sorrow (Naruto),Gaming Fantasy,6UPtrUpu6OatglZPxLTwAr,['Taylor Davis'],['480xKab3lUPhBBnCzlzqIu'],8,1,False,0.1969999999999999,0.111,4,-16.86,0,0.0401,0.799,0.364,0.0857,0.0877,116.765,165043,4.0,2012,2012-05-20,Errore
0h9fnCSnbUgOEgibnQByFv,Everyday Life,Everyday Life,2FeyIYDDAQqcOJKOKhvHdr,['Coldplay'],['4gzpq5DPGxSnKTe4SA8HAU'],8,2,False,0.512,0.452,2,-8.991,1,0.0292,0.775,0.0818,0.065,0.235,124.103,258533,4.0,2019,2019-11-22,"['2010s', '2019', 'british', 'alternative', 'pop rock', 'Coldplay', 'snl']"
3gGBgCowyaMns05EpHttI4,The Ghetto (Reprise),Short Dog's In the House,0SUl2Xd8dLcIP0UGt7CHpy,['Too $hort'],['4sb7rZNN93BSS6Gqgepo4v'],10,1,False,0.777,0.353,9,-14.044,1,0.231,1.42e-05,0.826,0.0792,0.907,100.065,334667,4.0,1990,1990-09-11,Errore
2SMiRMumUAHYoiE8pdzLVH,Ikkyokume - tori version,Tori,4fVnFDNrSYdAA8KhuvQeEJ,['Nisennenmondai'],['2CIYOUcrZaUOkhWxrInbdN'],3,1,False,0.166,0.87,9,-1.109,1,0.0405,0.00509,0.782,0.327,0.4379999999999999,100.264,418147,3.0,2005,2005,Errore
4jtYG4DXKnsXjdccjZg5YU,Hidden,Backtraxx,1vhGboMPWJqCrDWFgq0VWG,['Every Mothers Nightmare'],['0e5ml7Zdz5m0VXPGqzwkvD'],13,1,False,0.527,0.727,6,-7.731,1,0.0312,0.00639,0.000331,0.126,0.631,121.638,204150,4.0,2019,2019-04-12,Errore
6qSrnP6S54G2q0gjRDoOjC,"Symphony No. 3, ""Symphony of the Founding of Japan"": III. Moderato: Menuet con fantasia","Ohzawa: Piano Concerto No. 3, 'Kamikaze' / Symphony No. 3",1HCyH350pqDclG0GXuPFCC,"['Hisato Ohzawa', 'Russian Philharmonic Orchestra', 'Dmitry Yablonsky']","['6OZ8qbuQSPF1g3MImKbRI2', '1ZqfApY0fqguhw8PVf4mWq', '6jKsnWXyWgE3jyC0Cs0Cdb']",6,1,False,0.289,0.0746,2,-23.388,0,0.0444,0.951,0.773,0.0794,0.0899,109.776,531680,4.0,2005,2005-03-01,Errore
0U3Gn2YuHHSXlef4T9KIWE,The Kids Playing In The Park,Switch Off The Soap Opera,7zZuIfyiTypma28j2eP7Qr,['Peter Grummich'],['3tavpzPlzpMolMASIasTAh'],12,1,False,0.221,0.962,9,-11.935,1,0.332,0.5770000000000001,0.026,0.353,0.0279999999999999,152.151,440027,3.0,2005,2005-06-17,Errore
2Y1vYctnu55EKE5NlBMDYf,You Know Me,The Loft Sessions,4gpwBS3FpUuSPfrV8D9Bqr,"['Bethel Music', 'Steffany Gretzinger']","['26T4yOaOoFJvUvxR87Y9HO', '2akNRvGNB400IDDUMr1PHW']",6,1,False,0.342,0.185,5,-9.926,1,0.0301,0.923,6.77e-05,0.0987,0.191,139.691,339947,4.0,2012,2012-01-24,Errore
04WJ6pKgJNGu672ILpuSRu,"Concerto grosso in C Minor, Op. 3 No. 11: III. Allegro","Manfredini: 12 Concerti, Op. 3",2klXTSTt0JmfFUmgCHcbkb,"['Francesco Onofrio Manfredini', 'Les Amis de Philippe', 'Ludger Remy']","['2xw6RSRcOMfng7dvPOUS2e', '7Dioxx2TGiUXer2Nrr1QcK', '3OUOxeJtES4QqOXW8vSoaZ']",30,1,False,0.523,0.135,11,-16.676,0,0.0548,0.946,0.0677,0.08,0.6709999999999999,59.447,128040,4.0,2000,2000-03-14,Errore
4x7Gtye0Wv9MgAnk5rxdq2,Sounds of the City,Live from Atlanta,6xZjB6QcsGjhZoOssxYbtJ,['Lucero'],['1MspPfENB9nzFGaagXmF7R'],4,1,False,0.305,0.8959999999999999,5,-5.377999999999999,1,0.0907,0.115,4.34e-05,0.1939999999999999,0.589,169.767,185742,4.0,2014,2014-08-01,Errore
5D5TWrD2cBjLsMEJWClMEc,The Real Words,Blue on Blonde,1KTeBKKCMlR7t0EayY1CE8,['Jonathan Gregg and the Lonesome Debonaires'],['40mtFPZI7gtzUAIM0H6ya9'],12,1,False,0.563,0.701,0,-9.255,1,0.0405,0.186,0.000472,0.141,0.737,117.975,223200,4.0,1991,1991-11-15,Errore
79sJ1Tu2X099rjx5owedbo,They Can't Take That Away From Me,Gershwin For Lovers,1fmizidXDzZpCFuQU8l5LG,['Marcus Roberts'],['6dz608P8sHylVvVVo5OLx2'],8,1,False,0.523,0.0996,8,-25.887,1,0.0535,0.665,0.931,0.6940000000000001,0.172,131.423,507400,4.0,1994,1994-09-20,"['jazz', 'piano jazz', 'gershwin', 'intello']"
52e4mDt2eDHZOzczQabong,Have You Ever Been In Love,The Love Album,2j7sTZToZHDunCKSljpM9C,['Westlife'],['5Z1CCuBsyhEHngq3U5IraY'],7,1,False,0.522,0.312,0,-7.5139999999999985,1,0.0279,0.6859999999999999,0.0,0.087,0.271,133.901,221373,4.0,2006,2006-11-13,"['pop', 'westlife', 'boybands', 'have you ever been in love', 'romantic', 'cover', 'boyband', 'dance', 'slow', 'Love', 'britpop', '90s', 'male vocalists', '00s', 'Ballad', 'Favourites', 'love song', 'i love it', 'boy band', 'Supercool', 'English pop', 'ads', 'Irish Groups', 'ilhame', 'fracha']"
55qqNyvwWUn1A3ItPVUOoo,Levanter - English,Step Out of ClÃ©,2dL2D1L2u3kyoOhfOurwgW,['Stray Kids'],['2dIgFjalVxs4ThymZ67YCE'],2,1,False,0.574,0.723,9,-4.418,1,0.0552,0.00885,0.0,0.541,0.4429999999999999,149.957,195672,4.0,2020,2020-01-24,Errore
0RzMSR6cvIrI8CASChA1pG,Don't Trip,Gyppsy Waves,3u7NYHo0UUQqVf1sr1jJBA,['Chi hendi'],['0qjaqtjEuZ0qntPKKRLOwl'],1,1,True,0.6759999999999999,0.631,1,-7.99,1,0.054,0.381,6.72e-06,0.0709,0.513,79.977,147069,4.0,2020,2020-10-20,Errore
5dmvk9MF8GrP7445l1xE7P,No DeberÃ­a,Al Mal Tiempo Buena Cava,4OvWP31XlMjZMWTivARgf3,['La Cava'],['2lI33QtdCDMFY0L9W6FFvu'],8,1,False,0.7559999999999999,0.5489999999999999,4,-6.625,1,0.141,0.765,0.0,0.8029999999999999,0.77,126.485,281821,4.0,2014,2014-11-24,Errore
5TzCDKy1ZmFZdW8100A8p9,Bad Asteroid,The Aristocrats,7GKzcJbW0Qernh0Xab1bIf,['The Aristocrats'],['1V4jsLjkic1Mxvdke86Qth'],3,1,False,0.485,0.727,11,-7.2570000000000014,0,0.0462,0.0301,0.758,0.163,0.391,87.34899999999998,353667,4.0,2011,2011-09-13,"['Progressive rock', 'jazz fusion', 'instrumental', 'heard live', 'jazz-fusion', 'progshark']"
6bRmVfBDqcEbToHOoA8UG2,Rise Before Zod - Original Mix,10 Years of Crosstown Rebels,5jdiScayeE7CXk4pZDAiWL,['Zod'],['6DiMNrbb5vsw92dMNFYVLf'],32,1,False,0.735,0.672,1,-11.503,0,0.0459,0.00647,0.893,0.283,0.358,123.009,436395,4.0,2013,2013-12-16,Errore
4UDmIBHPIdMzskaxjrGeKr,A Hymn of St. Columba: Regis regum restissimi,"Britten: The Choral Edition, Vol. 1",1rvpOlHVWQyDexAN4PICeV,"['Benjamin Britten', 'Andrew Lumsden', 'Finzi Singers', 'Paul Spicer']","['7MJ1pB5d6Vjmzep2zQlorn', '4kdwkuW3QWvLqFbOvAKTCJ', '77p7vBehOJco33H1wi0rY4', '7J14xGmeEZMgcHEoJL8QNX']",2,1,False,0.121,0.0995,2,-25.834,0,0.0397,0.991,0.239,0.0865,0.064,87.84100000000002,131760,3.0,1997,1997-01-01,Errore
15V7SwG1lNgD7FvbpPACGY,Smoke Some More,Thugline Boss,3fCTk7MVa6p469lMd0zWVH,"['Krayzie Bone', 'Keef G']","['53B8dEQzmtefvkdCAkO0YR', '78EWE7yhg4KT5rVqISPWmf']",12,1,True,0.654,0.936,2,-4.13,0,0.362,0.487,0.0,0.3389999999999999,0.563,86.708,166467,4.0,2007,2007-09-04,Errore
7o0gTYbZNDaRj3ptEjo0wA,Live Now (feat. Scarlett) - Clean Album Version,Street's Disciple,3rKQkS9Kl5EOhcLhIGsOwG,"['Nas', 'Scarlett']","['20qISvAhX20dpIbOOzGK3q', '23g4EfG9KCd0ANjpoxzSFU']",8,1,False,0.524,0.687,5,-9.43,0,0.322,0.0716,0.0,0.337,0.0667,73.97399999999998,268733,4.0,2004,2004-11-30,Errore
1Ka1KKfeKI7Vtlkgdvqkg8,Cherry River Line,Nate Grower,7K5IaxBjs2apUFsoALSWcv,['Nate Grower'],['3JIFvTADt3TCuuTl2WPart'],4,1,False,0.63,0.511,7,-9.099,1,0.032,0.885,0.0099,0.104,0.7090000000000001,133.062,209440,4.0,2010,2010-01-13,Errore
0eZFFQutbMbgHgMUGWX1Ot,"Brandenburg Concerto No. 1 in F Major, BWV 1046: I. [Allegro]",Bach: Six Concertos for the Margrave of Brandenburg,0ZWboVnn5YWjPEB79FCwWV,"['Johann Sebastian Bach', 'Trevor Pinnock', 'European Brandenburg Ensemble']","['5aIqB5nVVvmFsvSdExz408', '25mbgceDJKxXGP8c5FmC83', '2T2bi3cWva2cY4A3FMGVzZ']",1,1,False,0.527,0.441,1,-10.672,0,0.0369,0.971,0.807,0.144,0.812,88.90799999999999,232693,4.0,2008,2008-01-03,Errore
0fn0ZrWm5wzIn3KNW1NERH,Preacher Man,Daddy Issues,6y8aW1UCEEat3eGkJApndh,['Cudzoo & The Faggettes'],['4US4w2EgHspCIEKedxro9I'],5,1,False,0.369,0.893,4,-4.723,1,0.0741,0.0934,0.0188,0.127,0.477,79.95100000000002,140128,3.0,2012,2012-02-14,Errore
1GnjNqBH4D7La07xBGHJkD,Carrot,Brutish Pina,0Zjru6YSErheZMRjn2VCln,['Sparky'],['3OSaq5G9D2n9KcYH3Y3MJv'],11,1,False,0.294,0.904,2,-5.438,1,0.1169999999999999,0.000574,0.00386,0.104,0.159,99.378,216933,4.0,2006,2006-09-19,Errore
14tn0VMJ1twSvrlQOGu0DE,Secret Crest,Experiments in Acid Research,2RKmEh8PODK7mn5uKUJA7R,['Glacci'],['1vmPXcKvniaZvX8u0KrdfS'],5,1,False,0.45,0.993,7,-0.782,0,0.196,0.00935,0.94,0.45,0.214,140.02700000000002,165345,4.0,2019,2019-03-05,Errore
2Zrk7QZjNoLCDUrEvA1MO2,'Av it Yer Way,Breakfast With The Elders,7GrBPez6PBMT2NrJ5UsTkD,['Hunting for Haggis'],['2MarLHlM2i0k5NPpR9UWpb'],9,1,False,0.626,0.596,7,-8.656,1,0.0321,0.643,9.12e-05,0.209,0.911,115.739,175067,4.0,2006,2006-07-11,Errore
1mj2YQt2shsvLsXzRG4wGa,My Time Now,Living In The Danger Zone,5ax26iNBazKDJz1ck8lGAY,['Son Seals'],['0phMS1UDPTZlxuEnarDUKt'],9,1,False,0.5670000000000001,0.586,9,-11.678,1,0.0278,0.139,0.0157,0.282,0.877,115.685,365573,1.0,1991,1991,Errore
5zkO2y6cxoA9F9wpnYeMus,Whistle Tips,Mind Brains,0yhIs6BsRl50EXXhmZldwp,['Mind Brains'],['7crJ3r25iqwRsolpFf6Mce'],6,1,False,0.555,0.7070000000000001,7,-9.835,1,0.222,0.175,0.0205,0.044,0.622,83.355,122963,4.0,2014,2014,Errore
2ULThv21J5Kg1v5rmUePOP,Me la Pusieron Dificil,Super Bachatazos 97,12T5c4RFxAaILy5OGPKMjD,['Jorge Morel'],['3PCmED1ckvLHpYTJ8VuX7N'],4,1,False,0.8170000000000001,0.5429999999999999,4,-7.059,1,0.0527,0.6970000000000001,0.000454,0.0952,0.962,137.934,294240,4.0,1997,1997-06-28,['jorge morel']
42Btl6wX21VhW07Lz2b50Q,La doncella ixquic: La Doncella Ixquic,Castillo: Paal Kaba / Quiche Achi,0cBB5J9CYeJEXuZJ0o4KQr,"['Ricardo Castillo', 'Moscow Symphony Orchestra', 'Antonio de Almeida']","['7ALcuNkuZuvkrZnDICxv1X', '0udLXDzunp4xQRWhMNQPci', '3ycPnKlZj0kBkn1FkCTxhp']",4,1,False,0.0965,0.0178,9,-27.705,0,0.043,0.963,0.866,0.0785,0.0368,88.25,455000,4.0,1996,1996-09-04,Errore
0ZdLqZZdpuUcbGfx70e8Dh,Remember We,Beyond The Wall,4toZKrFCXzlnSce21pJr9A,['Leah Kaye'],['0YE7fCPN1ZPC8WQ34HgjVu'],2,1,False,0.531,0.47,7,-6.763,1,0.031,0.406,0.0,0.113,0.2269999999999999,134.003,254613,4.0,2009,2009-05-11,Errore
6k39Q4Go1MpY6PfffMWFZv,Daddy Come Home,Ain't No Man,7hCe5UFwys6wMlmqz3UUkY,['Anna Troy'],['1hGzCKSX9Lu1R1W6ECoZzG'],8,1,False,0.623,0.311,9,-6.4860000000000015,1,0.0291,0.916,8.79e-06,0.0946,0.411,87.5,169493,4.0,2006,2006-01-01,Errore
2sY7JOsNyAxW44wFUbqGp5,A Chinn Ãlainn (O Lovely Head),An Cuimhin Leat,671wZD4itRf9iWXBuqvu3Q,['Navan'],['5qaB5bsOWpvAwnzfP13mpM'],9,1,False,0.257,0.141,8,-19.534,1,0.0391,0.988,0.000347,0.107,0.157,96.208,82253,4.0,2000,2000-03-31,Errore
0sAYFwMAgkX8WIYx23BrvV,Vagabond Inn,Swimming Pool Lies,3o36omuLlVKro4TdawFlDZ,['Jack Adaptor'],['6ds01SHVo8eZKc7iTcTR8I'],11,1,False,0.647,0.4679999999999999,10,-9.63,1,0.0266,0.539,0.000279,0.345,0.6729999999999999,83.95,119160,4.0,2016,2016-05-06,Errore
3Ug2iVIr0xPiWQQywJ42l6,Free Nude Celebs,"Lovers, Lead the Way! / The Heat Can Melt Your Brain",7h5PH0Xhdqf8ya38FcDiMV,['Viva Voce'],['44WGx8zroBTpAfQSoXQA4u'],8,2,False,0.8029999999999999,0.6729999999999999,4,-7.937,0,0.0294,0.157,0.8140000000000001,0.131,0.872,104.988,194173,4.0,2003,2003-09-12,"['hand claps', 'indie', 'chill', 'sexy', 'USA', 'indiepop', 'acoustic', 'guitar', 'american', 'melancholy', 'melancholic', 'hot', 'duo', 'love at first listen', 'I myself am strange and unusual', 'oregon', 'america', 'title not in lyrics', 'Scootervonhootanany', 'Viva Voce', 'pop-infused', 'couple who are or were in a romantic relationship of any kind', 'viva voce - free nude celebs', 'lirilir']"
05zyt7wJeEF1TuzjH8oU7H,âBoneyâ Crossing the Alps / Tom Morrisonâs,Ar NÃ³s na Gaoithe/Like the Wind,1JBTlTLnS3Cg21W2kKQJKb,['John Wynne'],['26EQiCUZ1yeEmHH4J2Hgah'],6,1,False,0.5820000000000001,0.251,8,-12.305,1,0.0517,0.994,0.919,0.16,0.974,124.79,131027,4.0,2009,2009-01-01,Errore
7agDa0H7Bpb6sYXbyjCwUc,Cold Fish,Iguana Studios Rehearsal Tape - San Francisco 1978,50dlOY3xmlwd8g1wiacQaf,['Dead Kennedys'],['30U8fYtiNpeA5KH6H87QUV'],8,1,False,0.247,0.937,10,-4.137,1,0.1169999999999999,0.0511,0.809,0.237,0.79,96.409,168611,4.0,2019,2019-09-27,"['80s', 'punk', 'american', 'California']"
39V4cUX3jujamotHrT6FsL,Goodnight,If It's Real,2isi1FK1SOq6K71SXwCtSE,['Zonder Wehrkamp'],['1W5mj2u0X2Qv6HqoVRjWsc'],10,1,False,0.475,0.122,9,-13.349,1,0.0293,0.903,0.000239,0.115,0.107,76.887,115838,4.0,2019,2019-05-24,Errore
4Oln8z4vQ8SeUixTAzUC90,A Grand Design,Cartographer / Explorer,50mRbyiNeyfbyd6lTXnuQC,['Ormonde'],['4kst3UnGh659vDfk5OhJ1Q'],2,1,False,0.486,0.615,7,-10.149,1,0.0439,0.752,0.878,0.175,0.0379,134.264,373627,4.0,2014,2014-11-03,Errore
2FKv38CHZZ70EP86sZCYw0,"Leo, Pt. Two - Live",Transfiguration,5jfcPmjYShcT0Djlppiw8P,['Alice Coltrane'],['0oKYiTD5CdNbrofRvM1dIr'],7,1,False,0.386,0.504,9,-11.402,0,0.106,0.198,0.6970000000000001,0.6679999999999999,0.412,111.213,1237027,4.0,2005,2005-05-10,Errore
0QGi5x4tAilPVDqX2fki56,AnnÃ©es Folles,"Jazz Showcase: The Diner, Vol. 1",69u6BFmknI3OX3GY9Qs97e,['Hot Retro Jazz Project'],['40JWVrnsjGcEvXiQAVBw0X'],3,1,False,0.655,0.2239999999999999,5,-14.269,1,0.0519,0.485,0.159,0.0731,0.608,125.836,284733,4.0,2013,2013-12-04,Errore
3cXwN54zmINpYI8UE26wcq,"Keyboard Sonata in C Minor, Wq. 48 No. 4 ""Prussian Sonata No. 4"": II. Adagio",Complete CPE Bach,7mCma95usqr1UKEfoBTlPw,"['Carl Philipp Emanuel Bach', 'Ana-Marija Markovina']","['3meioy7GWDwpwmjv2LPyAb', '3MizzvztoimXSPJc716p8F']",11,1,False,0.49,0.0161,3,-26.454,1,0.0638,0.993,0.86,0.208,0.2269999999999999,82.54799999999999,278507,4.0,2018,2018-01-05,Errore
0XOBjlosvYLYmOEa2VTvbi,Hooty Mullock,Three Fires,2aSFsquQlPLhBgfyEq04gW,['Whalebone'],['6bN45WFcpPaxtX2UCFufx9'],12,1,False,0.6829999999999999,0.434,9,-7.416,0,0.0424,0.845,5.870000000000001e-05,0.0768,0.664,102.011,216827,4.0,2010,2010-01-11,Errore
5TcCx9EL1xmgqpixb4o4Qk,When I Been Drinking,Booze And The Blues,3BFDeXRiSpXuHdjgYxeY2Y,['Rosetta Howard'],['1T9Po16Q4nCR2pmguMEmkX'],17,1,False,0.389,0.293,5,-12.68,1,0.0434,0.979,8.120000000000001e-05,0.563,0.509,169.697,175227,4.0,1995,1995-12-31,"['alcohol', 'blues', 'rhythm and blues', 'rhythm and blues female vocalists']"
3tk5xqWbmwId86ESenDCcE,What Am I Gonna Do?,The Idea Factory,1CsJZTtP3OXCiQqYX8xP1x,['Thee Sgt. Major III'],['0aANHve8uNSIraKm9Y5KLq'],4,1,False,0.299,0.853,9,-5.799,1,0.0405,0.0023899999999999,0.0,0.415,0.838,164.808,147080,4.0,2010,2010-08-17,Errore
371tOklCzb6RXgH8Vtjzou,Keep Drawing Suns,Waking Hours,2cU2SV7mPXeDiOPaBaDvyd,['Japancakes'],['0sjShUAIZ8A5b6YhYHB2A0'],1,1,False,0.296,0.1689999999999999,9,-13.599,0,0.0346,0.934,0.853,0.0828,0.033,80.65100000000002,536733,4.0,2004,2004-09-14,"['post-rock', 'experimental', 'strings', 'eclectic', 'pedal steel guitar', 'TG', 'pedalsteel', 'solar', 'kds']"
3wptUVcHQ8GHuo7ibQR86n,Linoleum,Epiphanies and Wastelands,6s7vnD76Jbn18NPgWtsDG7,['Shoshin'],['3wSJITI7v4JV9auZObG74Z'],9,1,False,0.332,0.898,4,-4.579,1,0.0657,0.123,0.0,0.213,0.248,184.881,138280,4.0,2015,2015-04-10,Errore
5301lu0xg9e4eMsIJxQl7d,Man Purse,Feeling like DEX,4rgttLU2cpszlLojn4NUj0,['RiskTaker D-Boy'],['7z3tvvfp9CCpGPG2NmFCWu'],3,1,True,0.8290000000000001,0.546,1,-9.899,1,0.294,0.0117,0.0,0.1119999999999999,0.29,98.944,147879,4.0,2019,2019-10-03,Errore
6QTMHg9oZ0j6WgFY673PNs,Effortless,This Little Bird,6QKqIt3NmTBWygrym6ihHa,['Allison Crowe'],['6hG64BPoiQOzP30N6KU8Ue'],1,1,False,0.447,0.0695,4,-19.24,1,0.033,0.857,4.429999999999999e-05,0.257,0.0819999999999999,78.167,280013,4.0,2006,2006-01-01,"['female artists', 'allison crowe', 'maike tipp', 'piano', 'free', 'Smooth Jazz', 'cool', 'female vocalist', '8 of 10 stars', 'jazz nostalgia', 'like vonda', 'Mal-wa', 'Jazz Vocal Tag']"
7ayPEOjsQgpX7DJceLPOJn,Mi Vecina,Se Sigue Comentando,7IeskmUCrui0zzp6wgDUVx,['Elio RevÃ© Y Su CharangÃ³n'],['7uHBq0hEAmxGsqZfyqQAxf'],3,1,False,0.623,0.821,0,-7.677,1,0.0358,0.674,4.83e-06,0.325,0.921,108.545,300200,4.0,2004,2004-01-02,Errore
0bUQiZhsz30y1rgh7QQDIX,Her Body Smells of Cinnamon,Where Do We Float From Here?,63DIHyOVwGZyeP8TPu3g3W,['Ruxpin'],['0gsu0Kbfq0yG5uIdJ4KNyH'],2,1,False,0.61,0.736,7,-10.241,0,0.0435,0.251,0.87,0.171,0.384,153.971,229533,4.0,2009,2009-09-06,"['electronic', 'melodic', 'idm', 'spring', 'early morning music', 'late night music', 'somafm', 'played', 'electrinic', 'spacestation', 'ticktacktick']"
3brLJTX4Mj65oSEwUdzll0,Great Mountain Spirits,Split Decision,1eNUccQkIcwfFPfLUB3BqD,"['Steve Morse Band', 'Steve Morse', 'Dave LaRue', 'Van Romain']","['4RvfPm4uzNgEzeAxBOAQZK', '4FzTsw9P3m2xDkwtiSiBMB', '71rOaUavBmgEaq9Wm5TbEA', '5qT3SxoIhrcfVtwlhiX3eY']",5,1,False,0.498,0.586,5,-6.4510000000000005,1,0.0348,0.0546,0.943,0.124,0.5379999999999999,127.976,260867,4.0,2002,2002,Errore
083JevAsrqNiSRAQKW8zDu,Best Life (feat. Chance The Rapper),Invasion of Privacy,4sDAyYEMhD2YyREWKxj3aD,"['Cardi B', 'Chance the Rapper']","['4kYSro6naA4h99UJvo89HB', '1anyVhU62p31KFi8MEzkbf']",6,1,False,0.772,0.629,9,-7.473,1,0.455,0.292,0.0,0.282,0.674,168.007,284856,4.0,2018,2018-04-05,Errore
0BAREg6VRkCZdGRXCpaKWS,Oklahoma Heroes At the Library,Get a Clue,4VKswZcCBHwWEbQxoQI8e4,['Monty Harper'],['66z8hGVbduE6jpBAHY7Eql'],8,1,False,0.765,0.273,9,-12.737,1,0.259,0.505,0.0,0.187,0.838,78.007,220720,4.0,2007,2007-05-30,Errore
6Ops5YlnJgWzS8V8JnhOY6,"Oh, Mother, you should go out and see!",Amahl And The Night Visitors,4HOnBvDYVfSEWeYvrHd6b8,"['Gian Carlo Menotti', 'Thomas Schippers']","['6ZXkJX29GZJB89aLkckbj0', '0TkoOjNIk8vInQWrtkhvW4']",2,1,False,0.449,0.128,0,-16.379,0,0.0621,0.986,9.93e-05,0.4639999999999999,0.3670000000000001,76.041,100893,4.0,1987,1987-09-01,Errore
2t1MOEUAMQNDXd6zy9GIcL,Dedicated...,Honkeyball,6KK1GyQYQHtmMyMEcpzbkv,['Honkeyball'],['5PRhFNLlD1e4qBfXprGblG'],6,1,False,0.295,0.921,11,-7.474,0,0.0728,0.000145,0.263,0.327,0.52,125.771,182493,4.0,1994,1994,Errore
6Hxk40Ow95gEVZzbG9Asu1,Derelict,The Fox With Cloven Hooves,7awOvS2olFqEREQvePy38t,['RiverKinn'],['7wNEymciP9rFvdso0mOAyO'],14,1,False,0.637,0.444,1,-8.933,1,0.0379,0.191,3.38e-06,0.109,0.206,150.078,177162,3.0,2018,2018-06-28,Errore
6eiu11n4qFUKYEsmRqAfAa,Time in September: Part II,Time in September,5zHXZirItJbGF67IPvzpuF,['Rhythm & Brass'],['7CHMB820j1EPgAmmhUDP5a'],3,1,False,0.516,0.412,0,-17.831,1,0.0286,0.6709999999999999,0.964,0.0909,0.589,136.993,418147,4.0,1995,1995-01-01,Errore
54Gv2ir4EG9bE9EGyv96x0,"Reading an Anthology of Chinese Poems of the Sung Dynasty, I Pause To Admire the Length and Clarity of Their Titles",The Billy Collins Suite (Songs Inspired by his Poetry),0yqDKmBA6kmKJ20D35BiTA,"['Zhou Tian', 'Steve Robinson', 'Tim Munro', 'Joel Link', 'Nuiko Wadden']","['5KSZ8Gd3mH9OlHiQ2xeehb', '11PuJKPzub3NY8SO9dk0Pk', '4Mobxm4NtGNhkDcmMCdGGV', '11ZGZ8yg4P6rv6S2pVUSQ1', '2felatsnvKzmA3ZGkEPC94']",11,1,False,0.235,0.0453,10,-26.358,0,0.0445,0.92,0.138,0.3829999999999999,0.126,76.432,374307,3.0,2009,2009-01-01,Errore
3FOroRMOMdnkFO2pA4u0GT,Guilty (One In A Million),Pop Music: The Modern Era 1976-1999,0Jh7XIEQrNQAXm7a6hbJ1h,['Barbra Streisand & Barry Gibb'],['0VqzHUFIa0bcRuN6HEbJKo'],11,1,False,0.647,0.59,0,-9.328,1,0.0356,0.499,1.16e-06,0.0929,0.935,150.295,262560,4.0,1999,1999-10-11,Errore
1BrzbHv9VFlnddyOzfmuXg,Josephine,Please Mind Your Head - Grahame Smith's Personal Tapes,1rPDNkorERWI4ywMOCSQoS,['String Driven Thing'],['6doEzBoLL9hmffrRyMGgEQ'],3,1,False,0.626,0.606,0,-13.021,1,0.073,0.0016,0.000206,0.118,0.912,96.435,250627,4.0,2010,2010-03-01,Errore
0v9GbebAgRNG19rhfR1k1m,My Father Was A Horse,Adult Nights,7vsmpy7MRh0l8iQAejQA6e,['Wild Light'],['1D0wqRH4CpHi61RiiEWAaE'],9,1,False,0.52,0.794,5,-5.7170000000000005,1,0.0278,0.000886,0.000321,0.1009999999999999,0.757,143.061,162147,4.0,2009,2009-03-03,"['animals', 'horses', 'pretty good']"
6B3q6gDSY1sDuGdVgNxN0H,Winter Woods,Winter Moods,2ayxh9cubKiY6VTPN68ncM,"[""Jon O'Bergh""]",['3DLaHItGYzQFcNkobkRifP'],10,1,False,0.402,0.0972,7,-19.425,1,0.0408,0.989,0.918,0.124,0.195,141.734,214007,4.0,2015,2015-12-15,Errore
